ts_event,side,size,price,symbol
2022-08-01,B,2124260.0,115.47310184287296,GOOGL
2022-08-01,N,3746061.0,115.4437110785756,GOOGL
2022-08-01,A,2319191.0,115.43795305938265,GOOGL
2022-08-02,A,1753204.0,114.99313128256964,GOOGL
2022-08-02,B,1512055.0,115.03440730424316,GOOGL
2022-08-02,N,3198208.0,114.95746854791399,GOOGL
2022-08-03,A,2253444.0,117.81132656249707,GOOGL
2022-08-03,N,4050505.0,117.78999827866055,GOOGL
2022-08-03,B,2411079.0,117.84734544782548,GOOGL
2022-08-04,B,1938044.0,117.86818359057877,GOOGL
2022-08-04,A,2364328.0,117.87303079769347,GOOGL
2022-08-04,N,2644871.0,117.8768255611249,GOOGL
2022-08-05,B,1590271.0,117.15189843551279,GOOGL
2022-08-05,N,3478888.0,117.11030534351218,GOOGL
2022-08-05,A,1607976.0,117.11968788585325,GOOGL
2022-08-08,B,1621272.0,118.13870224468101,GOOGL
2022-08-08,N,2348819.0,118.23555822283515,GOOGL
2022-08-08,A,1727959.0,118.16148878411003,GOOGL
2022-08-09,B,1432337.0,116.5855352877335,GOOGL
2022-08-09,A,1250047.0,116.54587282069275,GOOGL
2022-08-09,N,3495802.0,116.58621327090417,GOOGL
2022-08-10,N,5005900.0,119.56211538461368,GOOGL
2022-08-10,B,2225912.0,119.64883857359003,GOOGL
2022-08-10,A,1905146.0,119.63422563012031,GOOGL
2022-08-11,A,1665961.0,119.76298194653756,GOOGL
2022-08-11,B,1722785.0,119.78003669947127,GOOGL
2022-08-11,N,4375773.0,119.93700427860058,GOOGL
2022-08-12,A,1244788.0,120.52767315750532,GOOGL
2022-08-12,B,1560403.0,120.55972140563381,GOOGL
2022-08-12,N,3604431.0,120.55490316733676,GOOGL
2022-08-15,B,1475768.0,121.70580306180607,GOOGL
2022-08-15,A,1334792.0,121.63549742235361,GOOGL
2022-08-15,N,2640341.0,121.6286896458012,GOOGL
2022-08-16,B,1424607.0,121.63014188123853,GOOGL
2022-08-16,N,2346547.0,121.60667541885549,GOOGL
2022-08-16,A,1464976.0,121.58383735236261,GOOGL
2022-08-17,N,3071145.0,120.10514046511653,GOOGL
2022-08-17,A,1834795.0,120.09124879954973,GOOGL
2022-08-17,B,1749655.0,120.09648331699645,GOOGL
2022-08-18,A,1546457.0,119.91696095763713,GOOGL
2022-08-18,N,2359992.0,119.92436389231266,GOOGL
2022-08-18,B,1605611.0,120.03820342913782,GOOGL
2022-08-19,B,1625196.0,117.66572919786125,GOOGL
2022-08-19,A,1961716.0,117.67665233970789,GOOGL
2022-08-19,N,4439264.0,117.85554964091968,GOOGL
2022-08-22,A,1752899.0,114.53151248164727,GOOGL
2022-08-22,N,3182895.0,114.58334093780739,GOOGL
2022-08-22,B,1400612.0,114.54534082429731,GOOGL
2022-08-23,B,1225714.0,114.20260917532688,GOOGL
2022-08-23,N,2159176.0,114.22306175869203,GOOGL
2022-08-23,A,1193977.0,114.18380654539224,GOOGL
2022-08-24,B,1243927.0,113.93846606632854,GOOGL
2022-08-24,N,3269324.0,113.92961333458257,GOOGL
2022-08-24,A,1536887.0,113.86791460958007,GOOGL
2022-08-25,A,1347682.0,115.4376833616996,GOOGL
2022-08-25,B,1267150.0,115.52976949980628,GOOGL
2022-08-25,N,2758261.0,115.3131900106016,GOOGL
2022-08-26,B,2593940.0,112.24159005988535,GOOGL
2022-08-26,A,3267841.0,112.07134836936662,GOOGL
2022-08-26,N,5936456.0,112.67954146017276,GOOGL
2022-08-29,B,1616558.0,109.85016061780479,GOOGL
2022-08-29,N,3170792.0,109.83214028777195,GOOGL
2022-08-29,A,1698128.0,109.83308741899027,GOOGL
2022-08-30,A,2137339.0,108.82823878026643,GOOGL
2022-08-30,N,2621356.0,108.97448433518343,GOOGL
2022-08-30,B,1466471.0,108.8944633384203,GOOGL
2022-08-31,N,6632512.0,109.45873634662733,GOOGL
2022-08-31,B,1792183.0,109.40642342020959,GOOGL
2022-08-31,A,2182493.0,109.32413506525272,GOOGL
2022-09-01,N,3489138.0,108.7157758143377,GOOGL
2022-09-01,B,2085174.0,108.72189307696517,GOOGL
2022-09-01,A,2194849.0,108.62186920790444,GOOGL
2022-09-02,B,1984854.0,108.95461282477885,GOOGL
2022-09-02,A,2145079.0,109.02439722561826,GOOGL
2022-09-02,N,3848097.0,109.11029897513063,GOOGL
2022-09-06,B,1776284.0,106.83922853133713,GOOGL
2022-09-06,A,2258087.0,106.83259112243574,GOOGL
2022-09-06,N,4171404.0,106.88724312446034,GOOGL
2022-09-07,B,1782394.0,108.40912486218576,GOOGL
2022-09-07,A,1768407.0,108.43975754645686,GOOGL
2022-09-07,N,3313478.0,108.45975490576116,GOOGL
2022-09-08,B,1762711.0,108.29862333122337,GOOGL
2022-09-08,A,2107819.0,108.31229263974186,GOOGL
2022-09-08,N,5107106.0,108.32517212069634,GOOGL
2022-09-09,N,3779351.0,110.28471091811494,GOOGL
2022-09-09,A,2008223.0,110.28463578889576,GOOGL
2022-09-09,B,1935869.0,110.34459465923001,GOOGL
2022-09-12,N,3842709.0,110.74465428159014,GOOGL
2022-09-12,B,1509798.0,110.73161993627374,GOOGL
2022-09-12,A,1519165.0,110.67520618557025,GOOGL
2022-09-13,A,3175791.0,105.69957343604908,GOOGL
2022-09-13,B,2516702.0,105.76051592524598,GOOGL
2022-09-13,N,6689740.0,105.94412840384291,GOOGL
2022-09-14,N,3336845.0,104.53409895200437,GOOGL
2022-09-14,B,2132396.0,104.51348758025934,GOOGL
2022-09-14,A,2273711.0,104.4452917374054,GOOGL
2022-09-15,B,2659015.0,103.49611828983011,GOOGL
2022-09-15,A,2847295.0,103.46346743251017,GOOGL
2022-09-15,N,3876520.0,103.50440243511704,GOOGL
2022-09-16,N,11656791.0,102.14557313873274,GOOGL
2022-09-16,A,2554624.0,102.09305775736225,GOOGL
2022-09-16,B,2662833.0,102.18741054106567,GOOGL
2022-09-19,B,1782667.0,102.37148287365507,GOOGL
2022-09-19,A,1428150.0,102.32213816756666,GOOGL
2022-09-19,N,3428102.0,102.32659771210753,GOOGL
2022-09-20,N,3076690.0,101.57132693810277,GOOGL
2022-09-20,B,1802267.0,101.54529670428964,GOOGL
2022-09-20,A,2021166.0,101.47015891962313,GOOGL
2022-09-21,B,1967753.0,100.9121110548552,GOOGL
2022-09-21,N,3779918.0,100.79231758277058,GOOGL
2022-09-21,A,2786971.0,100.58997677806781,GOOGL
2022-09-22,A,2499793.0,100.14419496636029,GOOGL
2022-09-22,N,4101656.0,100.11703822998126,GOOGL
2022-09-22,B,2367855.0,100.15404210041929,GOOGL
2022-09-23,A,2408863.0,98.49026589624363,GOOGL
2022-09-23,B,2521854.0,98.58501833759136,GOOGL
2022-09-23,N,4174837.0,98.61680908135503,GOOGL
2022-09-26,A,1965543.0,98.65689188744815,GOOGL
2022-09-26,N,4400584.0,98.60075107913545,GOOGL
2022-09-26,B,2163302.0,98.67141103233936,GOOGL
2022-09-27,N,4735334.0,98.29237127180711,GOOGL
2022-09-27,A,2163407.0,98.06917849210215,GOOGL
2022-09-27,B,2071638.0,98.23649209418127,GOOGL
2022-09-28,B,2546479.0,98.86712566322309,GOOGL
2022-09-28,N,7084158.0,98.6103773186078,GOOGL
2022-09-28,A,2108570.0,98.72213969090618,GOOGL
2022-09-29,A,1978430.0,96.90664075514049,GOOGL
2022-09-29,B,2073706.0,96.93775759266971,GOOGL
2022-09-29,N,4505658.0,96.9946521176842,GOOGL
2022-09-30,A,2030038.0,96.93460327609566,GOOGL
2022-09-30,B,2374213.0,96.99878342203397,GOOGL
2022-09-30,N,6889736.0,96.88326695979305,GOOGL
2022-10-03,N,5166292.0,97.96747771288057,GOOGL
2022-10-03,A,1754232.0,98.03056055802048,GOOGL
2022-10-03,B,1750740.0,98.07461033565953,GOOGL
2022-10-04,N,4352773.0,101.24108093581856,GOOGL
2022-10-04,A,1763935.0,101.28729434160994,GOOGL
2022-10-04,B,1965856.0,101.30456062643418,GOOGL
2022-10-05,N,2904719.0,100.30396236471077,GOOGL
2022-10-05,A,1765117.0,100.25253173321087,GOOGL
2022-10-05,B,1960039.0,100.30610020941953,GOOGL
2022-10-06,A,1586080.0,101.77916332706312,GOOGL
2022-10-06,N,2467832.0,101.74382129638444,GOOGL
2022-10-06,B,1829900.0,101.78019082301452,GOOGL
2022-10-07,N,5956009.0,99.19771929117911,GOOGL
2022-10-07,A,1723713.0,99.20254858674788,GOOGL
2022-10-07,B,2223801.0,99.17730426877755,GOOGL
2022-10-10,N,2801932.0,98.03714317573699,GOOGL
2022-10-10,B,1420850.0,97.99028772500925,GOOGL
2022-10-10,A,1202917.0,97.98176166061106,GOOGL
2022-10-11,B,1954273.0,97.63447716452035,GOOGL
2022-10-11,A,1856587.0,97.59638999900923,GOOGL
2022-10-11,N,3652821.0,97.57461545093886,GOOGL
2022-10-12,N,3783169.0,97.73366472060061,GOOGL
2022-10-12,B,1780627.0,97.76366333909411,GOOGL
2022-10-12,A,1639004.0,97.73430897294489,GOOGL
2022-10-13,A,2881011.0,97.3788026160632,GOOGL
2022-10-13,N,4913231.0,97.29456614314621,GOOGL
2022-10-13,B,3181441.0,97.58432734680417,GOOGL
2022-10-14,A,2061926.0,97.74477766497444,GOOGL
2022-10-14,B,2246696.0,97.8127224863131,GOOGL
2022-10-14,N,4652745.0,97.81840226308388,GOOGL
2022-10-17,A,2059066.0,100.11582381844437,GOOGL
2022-10-17,B,2393714.0,100.13877248610734,GOOGL
2022-10-17,N,5389424.0,100.06928342277304,GOOGL
2022-10-18,B,2025266.0,101.13155619980806,GOOGL
2022-10-18,N,2823231.0,101.24253254991042,GOOGL
2022-10-18,A,1804878.0,101.12204137351863,GOOGL
2022-10-19,B,1571662.0,99.88809330020254,GOOGL
2022-10-19,A,1723567.0,99.90302999879569,GOOGL
2022-10-19,N,3065958.0,99.95819083969381,GOOGL
2022-10-20,B,2478903.0,100.54479464653298,GOOGL
2022-10-20,A,1903429.0,100.47720863458294,GOOGL
2022-10-20,N,3671476.0,100.37981775605833,GOOGL
2022-10-21,N,6010729.0,99.70769484965703,GOOGL
2022-10-21,B,2639690.0,99.68791437922295,GOOGL
2022-10-21,A,2283630.0,99.65195109780286,GOOGL
2022-10-24,N,3676943.0,101.62665860052404,GOOGL
2022-10-24,B,2109368.0,101.6017139791286,GOOGL
2022-10-24,A,1905584.0,101.52281926811185,GOOGL
2022-10-25,A,2612884.0,101.98479403245699,GOOGL
2022-10-25,N,7498761.0,101.81447588302593,GOOGL
2022-10-25,B,2789379.0,102.13015256378002,GOOGL
2022-10-26,B,5609093.0,96.3566639983714,GOOGL
2022-10-26,A,6402506.0,96.22883819640049,GOOGL
2022-10-26,N,8678074.0,96.36124182738486,GOOGL
2022-10-27,A,4790758.0,93.1520623442368,GOOGL
2022-10-27,N,6789748.0,93.11975656072724,GOOGL
2022-10-27,B,3773477.0,93.16900407521655,GOOGL
2022-10-28,B,3099353.0,94.40261870042137,GOOGL
2022-10-28,N,7087117.0,94.32832510435834,GOOGL
2022-10-28,A,2794913.0,94.28509846646148,GOOGL
2022-10-31,A,1756251.0,94.64721500893401,GOOGL
2022-10-31,N,6179591.0,94.66146169425394,GOOGL
2022-10-31,B,1974786.0,94.67393719431776,GOOGL
2022-11-01,B,3404616.0,92.43223485546402,GOOGL
2022-11-01,N,4972536.0,92.12379404420676,GOOGL
2022-11-01,A,3709978.0,92.12535198273758,GOOGL
2022-11-02,B,3391104.0,89.34999916822497,GOOGL
2022-11-02,A,5167097.0,89.27533570362355,GOOGL
2022-11-02,N,5618182.0,89.31677185204595,GOOGL
2022-11-03,N,6705637.0,84.99397207910883,GOOGL
2022-11-03,A,4258294.0,84.9213150734004,GOOGL
2022-11-03,B,3821761.0,85.06683333332758,GOOGL
2022-11-04,A,3310281.0,85.32794996669159,GOOGL
2022-11-04,B,3399020.0,85.44617137184625,GOOGL
2022-11-04,N,5633141.0,85.3429801924951,GOOGL
2022-11-07,A,1846367.0,87.81933561459806,GOOGL
2022-11-07,N,5878583.0,87.82177990223448,GOOGL
2022-11-07,B,2278771.0,87.88068094676657,GOOGL
2022-11-08,B,2111517.0,89.06267990904071,GOOGL
2022-11-08,N,4989954.0,89.03915304732665,GOOGL
2022-11-08,A,1854450.0,89.02494723186297,GOOGL
2022-11-09,B,2258209.0,88.26763635102886,GOOGL
2022-11-09,A,1966364.0,88.2923747581181,GOOGL
2022-11-09,N,4419763.0,88.25247030878839,GOOGL
2022-11-10,B,3846100.0,93.19117963629759,GOOGL
2022-11-10,N,9647178.0,92.92409914666754,GOOGL
2022-11-10,A,3867788.0,93.1260782110847,GOOGL
2022-11-11,A,2453176.0,95.83246040603896,GOOGL
2022-11-11,B,2862194.0,95.89914577674189,GOOGL
2022-11-11,N,5194034.0,95.8181552109095,GOOGL
2022-11-14,B,2302864.0,95.67933549533922,GOOGL
2022-11-14,N,5739574.0,95.71664065642467,GOOGL
2022-11-14,A,1955832.0,95.66875404917242,GOOGL
2022-11-15,A,3283860.0,98.39382501807692,GOOGL
2022-11-15,B,3312818.0,98.43126069533021,GOOGL
2022-11-15,N,6445989.0,98.5079394702528,GOOGL
2022-11-16,N,4440976.0,98.67531420662704,GOOGL
2022-11-16,A,2596527.0,98.69617147479059,GOOGL
2022-11-16,B,2104754.0,98.77961590549567,GOOGL
2022-11-17,N,3795887.0,97.83476346053182,GOOGL
2022-11-17,A,1900700.0,97.94200661092864,GOOGL
2022-11-17,B,1928158.0,97.9706807416922,GOOGL
2022-11-18,A,2018461.0,97.51752854289961,GOOGL
2022-11-18,B,1787294.0,97.52162233265328,GOOGL
2022-11-18,N,5652808.0,97.57976680985189,GOOGL
2022-11-21,N,4141166.0,96.45607344379732,GOOGL
2022-11-21,B,1240569.0,96.46599826489297,GOOGL
2022-11-21,A,1671463.0,96.42521146032023,GOOGL
2022-11-22,B,1483770.0,95.91993260527872,GOOGL
2022-11-22,N,4385529.0,95.87804464285846,GOOGL
2022-11-22,A,1345872.0,95.81107376284407,GOOGL
2022-11-23,N,2959864.0,97.93319759514134,GOOGL
2022-11-23,B,1449394.0,98.02021092428176,GOOGL
2022-11-23,A,1143691.0,97.96832196302479,GOOGL
2022-11-25,A,665442.0,97.81409640849854,GOOGL
2022-11-25,B,718275.0,97.83738952770275,GOOGL
2022-11-25,N,1688582.0,97.9047028890339,GOOGL
2022-11-28,A,1661757.0,96.29666635303931,GOOGL
2022-11-28,N,6326017.0,96.31314577207338,GOOGL
2022-11-28,B,1676912.0,96.28996271510842,GOOGL
2022-11-29,A,1391140.0,95.21977107704599,GOOGL
2022-11-29,B,1424543.0,95.18787639963325,GOOGL
2022-11-29,N,2738039.0,95.29489406779543,GOOGL
2022-11-30,A,2561006.0,98.25572834529,GOOGL
2022-11-30,B,3116806.0,98.31284153146599,GOOGL
2022-11-30,N,10142395.0,98.40572329999308,GOOGL
2022-12-01,B,2092344.0,101.17692886971659,GOOGL
2022-12-01,N,7097676.0,101.17931912820099,GOOGL
2022-12-01,A,1757479.0,101.17682498613513,GOOGL
2022-12-02,N,3012266.0,99.65995284834588,GOOGL
2022-12-02,B,1489033.0,99.81022444327877,GOOGL
2022-12-02,A,1696253.0,99.79900000000545,GOOGL
2022-12-05,A,2004850.0,100.12265343295707,GOOGL
2022-12-05,B,1849921.0,100.09297920873368,GOOGL
2022-12-05,N,3666360.0,100.06609299400178,GOOGL
2022-12-06,A,1798042.0,97.56735868011359,GOOGL
2022-12-06,B,1868707.0,97.51708866867288,GOOGL
2022-12-06,N,3988857.0,97.70681252177077,GOOGL
2022-12-07,B,2033436.0,95.49513906046849,GOOGL
2022-12-07,A,2693966.0,95.45562941884184,GOOGL
2022-12-07,N,6524401.0,95.41350455997974,GOOGL
2022-12-08,A,2320853.0,94.13816331810068,GOOGL
2022-12-08,B,2472164.0,94.16528499483492,GOOGL
2022-12-08,N,3964265.0,94.18332001559193,GOOGL
2022-12-09,B,2170710.0,93.63583229499822,GOOGL
2022-12-09,N,4365055.0,93.56105871957443,GOOGL
2022-12-09,A,2390024.0,93.58196039114614,GOOGL
2022-12-12,A,2006661.0,92.5500383014745,GOOGL
2022-12-12,B,2272136.0,92.57801310981947,GOOGL
2022-12-12,N,4938228.0,92.60076327769372,GOOGL
2022-12-13,A,3324320.0,96.87861154169585,GOOGL
2022-12-13,B,3527793.0,96.90134600760196,GOOGL
2022-12-13,N,5877320.0,96.99169216261485,GOOGL
2022-12-14,A,2622649.0,95.25892712045058,GOOGL
2022-12-14,B,2352595.0,95.28271619357078,GOOGL
2022-12-14,N,4289108.0,95.3439957873866,GOOGL
2022-12-15,B,3338102.0,91.14738844263098,GOOGL
2022-12-15,A,2754446.0,91.29602473681366,GOOGL
2022-12-15,N,6137525.0,91.44241656449987,GOOGL
2022-12-16,A,2655012.0,90.28391025641191,GOOGL
2022-12-16,N,27574065.0,90.3278472177755,GOOGL
2022-12-16,B,2223147.0,90.3160946041522,GOOGL
2022-12-19,N,4637684.0,89.26135087582333,GOOGL
2022-12-19,B,1983016.0,89.25778966491919,GOOGL
2022-12-19,A,1925123.0,89.25103184103703,GOOGL
2022-12-20,A,1582940.0,88.48538238778538,GOOGL
2022-12-20,N,3274053.0,88.53476291133465,GOOGL
2022-12-20,B,1911826.0,88.55643259908389,GOOGL
2022-12-21,B,1565206.0,89.48897843845104,GOOGL
2022-12-21,A,1752131.0,89.46002167470465,GOOGL
2022-12-21,N,5606562.0,89.44570941943236,GOOGL
2022-12-22,A,2385953.0,87.29109325076712,GOOGL
2022-12-22,B,2134437.0,87.3699735860754,GOOGL
2022-12-22,N,4746852.0,87.44334883312888,GOOGL
2022-12-23,N,2885229.0,88.63142049921588,GOOGL
2022-12-23,B,1677105.0,88.73286953349813,GOOGL
2022-12-23,A,1916934.0,88.74576880720109,GOOGL
2022-12-27,B,1504193.0,87.72213641304246,GOOGL
2022-12-27,A,1748773.0,87.72616440714373,GOOGL
2022-12-27,N,2935302.0,87.84072078054751,GOOGL
2022-12-28,B,1324154.0,86.64655276204863,GOOGL
2022-12-28,A,1506490.0,86.60317454322943,GOOGL
2022-12-28,N,2509847.0,86.69466508180534,GOOGL
2022-12-29,B,1358729.0,88.13183485180096,GOOGL
2022-12-29,N,4297136.0,88.15040759402748,GOOGL
2022-12-29,A,1460430.0,88.15875778580967,GOOGL
2022-12-30,B,1611137.0,87.34809188388591,GOOGL
2022-12-30,A,1837108.0,87.32814361723892,GOOGL
2022-12-30,N,4634647.0,87.41620387980123,GOOGL
2023-01-03,A,1871605.0,89.37206870229033,GOOGL
2023-01-03,N,5982796.0,89.38030128403533,GOOGL
2023-01-03,B,2189736.0,89.36677557273414,GOOGL
2023-01-04,A,2936069.0,88.3091674803567,GOOGL
2023-01-04,N,6287887.0,88.56950834326824,GOOGL
2023-01-04,B,2424878.0,88.40305363719982,GOOGL
2023-01-05,B,2105788.0,86.66469455246435,GOOGL
2023-01-05,A,2260479.0,86.64111475410279,GOOGL
2023-01-05,N,5237698.0,86.76369657585509,GOOGL
2023-01-06,N,6526711.0,86.26870087604378,GOOGL
2023-01-06,B,3365105.0,86.23813736406701,GOOGL
2023-01-06,A,3259299.0,86.16992167719285,GOOGL
2023-01-09,B,2321896.0,89.04503530234066,GOOGL
2023-01-09,A,2269179.0,88.96910782645735,GOOGL
2023-01-09,N,4481077.0,88.94479279023506,GOOGL
2023-01-10,B,2019773.0,87.70415193256864,GOOGL
2023-01-10,A,2310126.0,87.67130814051907,GOOGL
2023-01-10,N,4874131.0,87.4204115394273,GOOGL
2023-01-11,A,2095936.0,90.4720475121905,GOOGL
2023-01-11,N,4588882.0,90.38812451428987,GOOGL
2023-01-11,B,2070331.0,90.48375868880854,GOOGL
2023-01-12,A,2086576.0,91.14030608889814,GOOGL
2023-01-12,B,1828822.0,91.15793001624007,GOOGL
2023-01-12,N,3661580.0,91.18332235800766,GOOGL
2023-01-13,A,1875154.0,91.14680153508979,GOOGL
2023-01-13,B,1775875.0,91.22445067913377,GOOGL
2023-01-13,N,4076842.0,91.21216891531981,GOOGL
2023-01-17,N,5592676.0,91.22856702775499,GOOGL
2023-01-17,B,1857155.0,91.17965650362683,GOOGL
2023-01-17,A,2160150.0,91.17109765967045,GOOGL
2023-01-18,A,2329124.0,91.52432330693017,GOOGL
2023-01-18,B,1841347.0,91.51477490676996,GOOGL
2023-01-18,N,4525781.0,91.54792137271819,GOOGL
2023-01-19,N,4731986.0,92.50459115111633,GOOGL
2023-01-19,B,2802310.0,92.56009734840873,GOOGL
2023-01-19,A,2363175.0,92.49558654634662,GOOGL
2023-01-20,B,5220691.0,97.05647671223304,GOOGL
2023-01-20,A,4536049.0,97.00096921301066,GOOGL
2023-01-20,N,9282470.0,96.8267291272148,GOOGL
2023-01-23,B,3262659.0,99.20631712797352,GOOGL
2023-01-23,N,5261242.0,99.08490100054874,GOOGL
2023-01-23,A,3002724.0,99.18252685022695,GOOGL
2023-01-24,A,2213883.0,98.38905029992443,GOOGL
2023-01-24,N,3868677.0,98.41614403579119,GOOGL
2023-01-24,B,2243791.0,98.4645962083365,GOOGL
2023-01-25,B,3469806.0,94.71378391700037,GOOGL
2023-01-25,A,3379472.0,94.76220314770973,GOOGL
2023-01-25,N,4694966.0,94.83277572238075,GOOGL
2023-01-26,B,2086099.0,96.78222305538056,GOOGL
2023-01-26,A,2090003.0,96.72533073139564,GOOGL
2023-01-26,N,3944718.0,96.73859356978275,GOOGL
2023-01-27,B,2497347.0,99.20374390414024,GOOGL
2023-01-27,A,2771681.0,99.19617010535167,GOOGL
2023-01-27,N,4390859.0,99.07987230130249,GOOGL
2023-01-30,B,1801360.0,97.27782658588082,GOOGL
2023-01-30,N,3972389.0,97.31685085227221,GOOGL
2023-01-30,A,2048983.0,97.26698792901611,GOOGL
2023-01-31,N,5875744.0,97.88355123524718,GOOGL
2023-01-31,A,1891705.0,97.88989408845413,GOOGL
2023-01-31,B,1530892.0,97.87942319915786,GOOGL
2023-02-01,A,2950283.0,99.40097781754177,GOOGL
2023-02-01,N,4935624.0,99.43924428864301,GOOGL
2023-02-01,B,2581488.0,99.4896256668637,GOOGL
2023-02-02,A,4952662.0,106.24716923830394,GOOGL
2023-02-02,B,5075569.0,106.47742720318323,GOOGL
2023-02-02,N,8649406.0,105.83077825137342,GOOGL
2023-02-03,N,6827136.0,105.2128344386999,GOOGL
2023-02-03,B,5017878.0,105.4060922871758,GOOGL
2023-02-03,A,5114827.0,105.42759912203356,GOOGL
2023-02-06,B,2756134.0,102.99415295229888,GOOGL
2023-02-06,A,2590444.0,103.0026560590957,GOOGL
2023-02-06,N,4060364.0,103.01802171980171,GOOGL
2023-02-07,N,6097596.0,105.42762657702403,GOOGL
2023-02-07,B,3816009.0,105.48846384918458,GOOGL
2023-02-07,A,3640146.0,105.29624639115286,GOOGL
2023-02-08,A,7925694.0,100.19344976441867,GOOGL
2023-02-08,B,6226914.0,100.27439926315185,GOOGL
2023-02-08,N,9013765.0,100.84574956984018,GOOGL
2023-02-09,B,8490475.0,95.42587357413277,GOOGL
2023-02-09,N,8558961.0,95.40569675690982,GOOGL
2023-02-09,A,9557198.0,95.49658712275274,GOOGL
2023-02-10,B,3953340.0,95.07960275931656,GOOGL
2023-02-10,A,3864286.0,95.05266292870586,GOOGL
2023-02-10,N,5424240.0,95.03602654909729,GOOGL
2023-02-13,B,3106904.0,94.51662978344378,GOOGL
2023-02-13,A,3207752.0,94.48486628224036,GOOGL
2023-02-13,N,6210626.0,94.56588172911736,GOOGL
2023-02-14,A,4255077.0,93.68705196897338,GOOGL
2023-02-14,B,4278705.0,93.77792529203661,GOOGL
2023-02-14,N,5081082.0,93.95313879352818,GOOGL
2023-02-15,A,3611155.0,95.81716550603481,GOOGL
2023-02-15,B,3538226.0,95.89077016659941,GOOGL
2023-02-15,N,4896273.0,95.77708202461369,GOOGL
2023-02-16,B,2865231.0,96.33710560858682,GOOGL
2023-02-16,A,2827062.0,96.30879812013674,GOOGL
2023-02-16,N,4938257.0,96.20493462038597,GOOGL
2023-02-17,A,2233086.0,94.05912719800743,GOOGL
2023-02-17,N,5296727.0,94.2099126150416,GOOGL
2023-02-17,B,2364172.0,94.07174907774237,GOOGL
2023-02-21,A,2349213.0,92.28546648052244,GOOGL
2023-02-21,B,2108898.0,92.26649940118797,GOOGL
2023-02-21,N,4837479.0,92.41838980350687,GOOGL
2023-02-22,A,2162948.0,91.57938890711786,GOOGL
2023-02-22,B,1970690.0,91.64060484574023,GOOGL
2023-02-22,N,5338495.0,91.5887616797897,GOOGL
2023-02-23,N,4600023.0,90.76070478471942,GOOGL
2023-02-23,B,3296641.0,90.68703474493635,GOOGL
2023-02-23,A,3507113.0,90.62759063699285,GOOGL
2023-02-24,A,2939845.0,89.08496662216406,GOOGL
2023-02-24,N,5369856.0,89.15207782186847,GOOGL
2023-02-24,B,2860428.0,89.0679584408703,GOOGL
2023-02-27,A,1851872.0,89.7478126008395,GOOGL
2023-02-27,N,2474155.0,89.76726882430695,GOOGL
2023-02-27,B,1986597.0,89.75523174781387,GOOGL
2023-02-28,A,2290836.0,90.37502544203551,GOOGL
2023-02-28,N,4791653.0,90.31223612242557,GOOGL
2023-02-28,B,2090792.0,90.4012573642158,GOOGL
2023-03-01,A,2070688.0,90.3410647173623,GOOGL
2023-03-01,B,1979913.0,90.34815881291729,GOOGL
2023-03-01,N,4027967.0,90.36349462881293,GOOGL
2023-03-02,A,2238758.0,90.8664206925634,GOOGL
2023-03-02,N,4017063.0,90.85221274359435,GOOGL
2023-03-02,B,2497020.0,90.90529613702421,GOOGL
2023-03-03,A,3006448.0,93.29107778791962,GOOGL
2023-03-03,N,4685109.0,93.30173552385372,GOOGL
2023-03-03,B,2832786.0,93.2985281234595,GOOGL
2023-03-06,A,2579357.0,95.11473212380018,GOOGL
2023-03-06,B,2625224.0,95.14814378222114,GOOGL
2023-03-06,N,3642208.0,94.9886473098598,GOOGL
2023-03-07,A,2206909.0,94.39528719572931,GOOGL
2023-03-07,N,3238429.0,94.37249420700361,GOOGL
2023-03-07,B,2260655.0,94.41538260110607,GOOGL
2023-03-08,A,2754908.0,94.84457998913926,GOOGL
2023-03-08,B,2635585.0,94.82003672388582,GOOGL
2023-03-08,N,5243701.0,94.73551718080292,GOOGL
2023-03-09,A,2327437.0,93.7962842444129,GOOGL
2023-03-09,B,1952880.0,93.88598678413979,GOOGL
2023-03-09,N,3980259.0,93.77461283822733,GOOGL
2023-03-10,A,2969503.0,91.46628454859851,GOOGL
2023-03-10,N,5323703.0,91.50691330962196,GOOGL
2023-03-10,B,3226672.0,91.51461185017557,GOOGL
2023-03-13,B,4158562.0,91.56921836922061,GOOGL
2023-03-13,A,3983607.0,91.53338618302543,GOOGL
2023-03-13,N,4477775.0,91.42287366046436,GOOGL
2023-03-14,A,2901602.0,93.4314872987678,GOOGL
2023-03-14,N,6739291.0,93.37803838951234,GOOGL
2023-03-14,B,2666920.0,93.42654584221813,GOOGL
2023-03-15,N,8684533.0,95.06466023946525,GOOGL
2023-03-15,B,4488226.0,95.08565540706832,GOOGL
2023-03-15,A,4232045.0,95.0955789575065,GOOGL
2023-03-16,N,7787587.0,99.11098930604996,GOOGL
2023-03-16,B,6224141.0,99.46373185773983,GOOGL
2023-03-16,A,5353174.0,99.42840283129253,GOOGL
2023-03-17,N,16713675.0,101.31445005549203,GOOGL
2023-03-17,A,4020709.0,101.39490103608622,GOOGL
2023-03-17,B,4299757.0,101.4190663335281,GOOGL
2023-03-20,N,4667925.0,100.9080634879323,GOOGL
2023-03-20,B,2878858.0,100.93433689188264,GOOGL
2023-03-20,A,3333408.0,100.93782356600676,GOOGL
2023-03-21,N,5577598.0,103.70743524499156,GOOGL
2023-03-21,B,3693427.0,103.67928160610337,GOOGL
2023-03-21,A,3632433.0,103.61745977011606,GOOGL
2023-03-22,A,3744186.0,105.01664859121323,GOOGL
2023-03-22,N,4022975.0,104.76630559789498,GOOGL
2023-03-22,B,4077069.0,105.057567920913,GOOGL
2023-03-23,B,4342944.0,105.61100130329473,GOOGL
2023-03-23,A,3648298.0,105.58115185655605,GOOGL
2023-03-23,N,6041512.0,105.50656741937077,GOOGL
2023-03-24,B,3120206.0,104.87674918736337,GOOGL
2023-03-24,N,4223261.0,104.93791838928406,GOOGL
2023-03-24,A,2678018.0,104.86511494083403,GOOGL
2023-03-27,A,2599722.0,103.23841163065164,GOOGL
2023-03-27,N,4653723.0,103.20636366820938,GOOGL
2023-03-27,B,2533735.0,103.25451095388769,GOOGL
2023-03-28,N,3292108.0,100.73065013233094,GOOGL
2023-03-28,A,2878173.0,100.58471643793996,GOOGL
2023-03-28,B,2685279.0,100.59766014968827,GOOGL
2023-03-29,A,2914510.0,101.3989394504265,GOOGL
2023-03-29,N,4547907.0,101.52599458168774,GOOGL
2023-03-29,B,2225258.0,101.41338552353345,GOOGL
2023-03-30,A,2468354.0,100.50608576583276,GOOGL
2023-03-30,N,4067932.0,100.65994218961534,GOOGL
2023-03-30,B,2487864.0,100.57035727144962,GOOGL
2023-03-31,A,2608418.0,102.67262504175666,GOOGL
2023-03-31,B,2796090.0,102.775852167526,GOOGL
2023-03-31,N,8521498.0,102.70517777931065,GOOGL
2023-04-03,A,2136102.0,103.33086746065622,GOOGL
2023-04-03,B,1851037.0,103.41026561165839,GOOGL
2023-04-03,N,3600915.0,103.34568997856292,GOOGL
2023-04-04,A,2302730.0,104.76463762150847,GOOGL
2023-04-04,N,3983293.0,104.74234801621068,GOOGL
2023-04-04,B,2187335.0,104.77378196931177,GOOGL
2023-04-05,A,2319712.0,104.431918972516,GOOGL
2023-04-05,B,2742947.0,104.45027954295242,GOOGL
2023-04-05,N,3822122.0,104.65623932637791,GOOGL
2023-04-06,B,4105664.0,107.0600726275776,GOOGL
2023-04-06,A,3297377.0,106.95525047574272,GOOGL
2023-04-06,N,5938905.0,106.86065266523437,GOOGL
2023-04-10,A,2307698.0,106.2227449978116,GOOGL
2023-04-10,B,2185903.0,106.25494807334334,GOOGL
2023-04-10,N,3409959.0,106.42034786176596,GOOGL
2023-04-11,B,3022085.0,105.50869781506243,GOOGL
2023-04-11,N,3433534.0,105.56877533039798,GOOGL
2023-04-11,A,2341497.0,105.46352129095364,GOOGL
2023-04-12,A,2512074.0,105.21011078389866,GOOGL
2023-04-12,B,2462610.0,105.18768602510504,GOOGL
2023-04-12,N,3112181.0,105.24286279910453,GOOGL
2023-04-13,A,2440581.0,106.8363032125882,GOOGL
2023-04-13,N,4022218.0,106.73462218833453,GOOGL
2023-04-13,B,1963434.0,106.8455753177415,GOOGL
2023-04-14,A,2314612.0,107.91675702285984,GOOGL
2023-04-14,B,2503325.0,107.98688737530202,GOOGL
2023-04-14,N,4011089.0,107.9082210671027,GOOGL
2023-04-17,N,4731756.0,105.18773084745634,GOOGL
2023-04-17,A,3261170.0,105.30883711006507,GOOGL
2023-04-17,B,3301558.0,105.25452374092924,GOOGL
2023-04-18,A,2459135.0,105.06767114713946,GOOGL
2023-04-18,N,3475040.0,105.21306617275548,GOOGL
2023-04-18,B,2163067.0,105.10353026703663,GOOGL
2023-04-19,B,1882452.0,104.08645915692253,GOOGL
2023-04-19,A,1868272.0,104.08215671815587,GOOGL
2023-04-19,N,2794530.0,104.11710721927933,GOOGL
2023-04-20,A,2390716.0,105.11959849249298,GOOGL
2023-04-20,B,2369689.0,105.10399272256315,GOOGL
2023-04-20,N,4212894.0,105.04929697659217,GOOGL
2023-04-21,A,2160620.0,105.32411693906059,GOOGL
2023-04-21,B,2184008.0,105.33041814441643,GOOGL
2023-04-21,N,4488398.0,105.3055639666918,GOOGL
2023-04-24,B,1964366.0,105.86425302877045,GOOGL
2023-04-24,N,3111762.0,105.87605539388825,GOOGL
2023-04-24,A,1965589.0,105.85872860826971,GOOGL
2023-04-25,B,4016129.0,105.45312146079296,GOOGL
2023-04-25,N,5693053.0,106.07060645582143,GOOGL
2023-04-25,A,3577947.0,105.52811339770079,GOOGL
2023-04-26,A,3944249.0,104.32544700069033,GOOGL
2023-04-26,B,4019578.0,104.2847167439184,GOOGL
2023-04-26,N,5596125.0,104.12220588839345,GOOGL
2023-04-27,N,7364555.0,106.7899207042047,GOOGL
2023-04-27,A,3955531.0,106.90843498645378,GOOGL
2023-04-27,B,3801172.0,106.95122985818023,GOOGL
2023-04-28,N,5118785.0,106.65654353562141,GOOGL
2023-04-28,B,2701968.0,106.59384810649688,GOOGL
2023-04-28,A,2999032.0,106.52676401838191,GOOGL
2023-05-01,B,1899485.0,107.30732442357963,GOOGL
2023-05-01,A,1886199.0,107.28703500343609,GOOGL
2023-05-01,N,3825683.0,107.28093978519071,GOOGL
2023-05-02,A,2968115.0,105.24007864927277,GOOGL
2023-05-02,N,4977694.0,105.27393328006322,GOOGL
2023-05-02,B,2466745.0,105.25839916371561,GOOGL
2023-05-03,A,2134939.0,106.0368441549981,GOOGL
2023-05-03,B,2350415.0,106.02462385020092,GOOGL
2023-05-03,N,2794909.0,105.88414105447396,GOOGL
2023-05-04,A,2149280.0,104.8491887188896,GOOGL
2023-05-04,B,2674458.0,104.85477358866895,GOOGL
2023-05-04,N,3297865.0,104.91621259326065,GOOGL
2023-05-05,B,2059694.0,105.07544524789374,GOOGL
2023-05-05,A,2351108.0,105.01783501356735,GOOGL
2023-05-05,N,4117362.0,105.05454293079596,GOOGL
2023-05-08,A,2048381.0,107.01677599151158,GOOGL
2023-05-08,N,4101888.0,106.9682241610737,GOOGL
2023-05-08,B,2361184.0,107.0017372495485,GOOGL
2023-05-09,B,2936205.0,108.63109444908108,GOOGL
2023-05-09,A,2589736.0,108.50802717375774,GOOGL
2023-05-09,N,3921255.0,108.46548497725897,GOOGL
2023-05-10,N,6392798.0,110.27710341432743,GOOGL
2023-05-10,A,4675284.0,110.3231562915896,GOOGL
2023-05-10,B,5360908.0,110.35736544052118,GOOGL
2023-05-11,A,6283980.0,116.67841648997032,GOOGL
2023-05-11,B,5943098.0,116.68982903789711,GOOGL
2023-05-11,N,7270311.0,116.43719634790325,GOOGL
2023-05-12,N,4973126.0,117.01038043795486,GOOGL
2023-05-12,A,3466385.0,116.98214668186866,GOOGL
2023-05-12,B,3082018.0,117.01581544759718,GOOGL
2023-05-15,N,3922949.0,117.00235485245743,GOOGL
2023-05-15,B,2250082.0,117.10393175260455,GOOGL
2023-05-15,A,2594276.0,117.03418201443782,GOOGL
2023-05-16,A,3528633.0,119.23332690023717,GOOGL
2023-05-16,B,3555179.0,119.27603868227328,GOOGL
2023-05-16,N,4235001.0,119.21574811564862,GOOGL
2023-05-17,B,2417814.0,120.20487433958911,GOOGL
2023-05-17,A,2254346.0,120.17741572280487,GOOGL
2023-05-17,N,4932728.0,120.24257757073215,GOOGL
2023-05-18,B,2613523.0,122.27580266161829,GOOGL
2023-05-18,A,2606041.0,122.22565719460705,GOOGL
2023-05-18,N,5019555.0,122.21345097740769,GOOGL
2023-05-19,B,3196238.0,123.412852896782,GOOGL
2023-05-19,A,3209722.0,123.37540120885953,GOOGL
2023-05-19,N,5069182.0,123.4754206722322,GOOGL
2023-05-22,A,3048438.0,125.18300243943227,GOOGL
2023-05-22,B,2654869.0,125.15598828868417,GOOGL
2023-05-22,N,3829369.0,124.96548470688302,GOOGL
2023-05-23,B,3051740.0,123.46131774734498,GOOGL
2023-05-23,N,5273509.0,123.42393527813942,GOOGL
2023-05-23,A,2998630.0,123.3770465310653,GOOGL
2023-05-24,B,3104468.0,120.9877849891054,GOOGL
2023-05-24,A,3531697.0,120.98435205371189,GOOGL
2023-05-24,N,5054482.0,121.22806587390544,GOOGL
2023-05-25,B,2958950.0,123.673409046981,GOOGL
2023-05-25,A,3310421.0,123.67094107534399,GOOGL
2023-05-25,N,5926231.0,123.77240023706165,GOOGL
2023-05-26,B,3295456.0,124.38607173907926,GOOGL
2023-05-26,A,3889307.0,124.35233303163712,GOOGL
2023-05-26,N,5439123.0,124.38368737210429,GOOGL
2023-05-30,B,2768621.0,123.53842427393238,GOOGL
2023-05-30,A,3097349.0,123.63375723016266,GOOGL
2023-05-30,N,4932338.0,123.71972637782396,GOOGL
2023-05-31,B,2858743.0,123.13629431128746,GOOGL
2023-05-31,N,10430958.0,123.14550591055406,GOOGL
2023-05-31,A,2439691.0,123.1447807483562,GOOGL
2023-06-01,A,2605576.0,123.32244570192533,GOOGL
2023-06-01,B,2723928.0,123.32811179218255,GOOGL
2023-06-01,N,5290867.0,123.29220656043667,GOOGL
2023-06-02,A,2571716.0,124.80296408181034,GOOGL
2023-06-02,B,2130888.0,124.82743876748741,GOOGL
2023-06-02,N,3942466.0,124.68516041978992,GOOGL
2023-06-05,N,5350870.0,126.00921718629381,GOOGL
2023-06-05,B,2274438.0,126.24162655100768,GOOGL
2023-06-05,A,2145143.0,126.26979408625678,GOOGL
2023-06-06,B,2730144.0,127.26932734525704,GOOGL
2023-06-06,N,3442326.0,127.03894015861813,GOOGL
2023-06-06,A,2367011.0,127.19715347490957,GOOGL
2023-06-07,B,4049436.0,124.13407530492324,GOOGL
2023-06-07,N,12813137.0,124.50982897447295,GOOGL
2023-06-07,A,3660027.0,124.04305889272749,GOOGL
2023-06-08,B,2754721.0,122.2865180855953,GOOGL
2023-06-08,A,2885311.0,122.26039682539124,GOOGL
2023-06-08,N,5052128.0,122.29363266583158,GOOGL
2023-06-09,B,2367367.0,122.73734957800104,GOOGL
2023-06-09,A,2738130.0,122.77237985108479,GOOGL
2023-06-09,N,4347672.0,122.70100515692886,GOOGL
2023-06-12,N,5318335.0,122.89754784688648,GOOGL
2023-06-12,B,2637277.0,122.85474113164132,GOOGL
2023-06-12,A,2548791.0,122.73405651974264,GOOGL
2023-06-13,A,1673877.0,124.01184561532662,GOOGL
2023-06-13,B,1791978.0,123.97106342253285,GOOGL
2023-06-13,N,3876034.0,124.06323913960317,GOOGL
2023-06-14,B,3354726.0,123.06568681914774,GOOGL
2023-06-14,N,5212658.0,123.12789190975903,GOOGL
2023-06-14,A,2839996.0,123.00575133092941,GOOGL
2023-06-15,A,2832556.0,124.08265876051784,GOOGL
2023-06-15,N,6951635.0,123.9395750194371,GOOGL
2023-06-15,B,2763611.0,124.16586199783355,GOOGL
2023-06-16,B,2395889.0,124.23618088648566,GOOGL
2023-06-16,A,2459382.0,124.28358129324575,GOOGL
2023-06-16,N,17801056.0,124.29813821282671,GOOGL
2023-06-20,B,2156765.0,123.13064352152932,GOOGL
2023-06-20,A,2432328.0,123.13502171918385,GOOGL
2023-06-20,N,4989263.0,123.09984134319373,GOOGL
2023-06-21,B,2431132.0,121.02621974216498,GOOGL
2023-06-21,N,5996510.0,121.208064017408,GOOGL
2023-06-21,A,2430359.0,121.06802230789009,GOOGL
2023-06-22,N,3394044.0,121.16239308066758,GOOGL
2023-06-22,A,2408029.0,121.31571265888708,GOOGL
2023-06-22,B,2395215.0,121.45565783672046,GOOGL
2023-06-23,A,2162614.0,122.0730691037096,GOOGL
2023-06-23,B,2008305.0,122.10398359511356,GOOGL
2023-06-23,N,9651844.0,122.14541319532617,GOOGL
2023-06-26,N,4650083.0,119.77498074630985,GOOGL
2023-06-26,A,2821692.0,119.74582024850892,GOOGL
2023-06-26,B,2637340.0,119.6344996640008,GOOGL
2023-06-27,B,3063394.0,117.72780887955946,GOOGL
2023-06-27,N,4914798.0,117.75291322314165,GOOGL
2023-06-27,A,3269504.0,117.69182873223957,GOOGL
2023-06-28,B,3013872.0,119.2779091820435,GOOGL
2023-06-28,N,4110043.0,119.1423679839126,GOOGL
2023-06-28,A,2566850.0,119.24130090597302,GOOGL
2023-06-29,B,1953471.0,119.09715286671928,GOOGL
2023-06-29,N,3816495.0,119.16979063097546,GOOGL
2023-06-29,A,1823760.0,119.06944219357406,GOOGL
2023-06-30,B,2049944.0,120.39139033865692,GOOGL
2023-06-30,A,2118182.0,120.3514271806129,GOOGL
2023-06-30,N,7255697.0,120.2820926966278,GOOGL
2023-07-03,B,1496158.0,119.4569089262691,GOOGL
2023-07-03,A,1491105.0,119.4580448181711,GOOGL
2023-07-03,N,2301927.0,119.41516736401766,GOOGL
2023-07-05,A,2065398.0,121.62076987359703,GOOGL
2023-07-05,B,2781078.0,121.66992442915442,GOOGL
2023-07-05,N,4010936.0,121.31236744185784,GOOGL
2023-07-06,N,4263582.0,119.72531571627223,GOOGL
2023-07-06,A,2154708.0,119.45591493639515,GOOGL
2023-07-06,B,2106288.0,119.54157873931361,GOOGL
2023-07-07,B,1912483.0,120.22458442217021,GOOGL
2023-07-07,A,2002443.0,120.19466117750177,GOOGL
2023-07-07,N,3975080.0,120.1624691560217,GOOGL
2023-07-10,A,2767859.0,116.88216487567426,GOOGL
2023-07-10,B,4154445.0,116.87563274685193,GOOGL
2023-07-10,N,4564673.0,116.96010136058342,GOOGL
2023-07-11,A,2225608.0,116.84987941030359,GOOGL
2023-07-11,B,2333544.0,116.87702976169729,GOOGL
2023-07-11,N,3572388.0,116.80670448478386,GOOGL
2023-07-12,A,2660242.0,119.13613411919476,GOOGL
2023-07-12,B,3632603.0,119.19057481211787,GOOGL
2023-07-12,N,5129403.0,119.18553155026284,GOOGL
2023-07-13,A,3739827.0,123.69301841193804,GOOGL
2023-07-13,N,5405199.0,123.3962921348293,GOOGL
2023-07-13,B,3963489.0,123.65464483759818,GOOGL
2023-07-14,A,2971589.0,125.44427498196033,GOOGL
2023-07-14,N,4404368.0,125.36986367733152,GOOGL
2023-07-14,B,3030327.0,125.42174568856015,GOOGL
2023-07-17,A,2250143.0,125.11289342228424,GOOGL
2023-07-17,B,2497781.0,125.13375684115057,GOOGL
2023-07-17,N,3900678.0,125.1974272533729,GOOGL
2023-07-18,B,2262095.0,123.63478232729753,GOOGL
2023-07-18,N,4550081.0,123.68202407002083,GOOGL
2023-07-18,A,2364883.0,123.61766689858085,GOOGL
2023-07-19,B,3095035.0,123.09504487115127,GOOGL
2023-07-19,A,3390227.0,123.09171751463744,GOOGL
2023-07-19,N,6504214.0,123.04052489291307,GOOGL
2023-07-20,A,3154975.0,120.47770436882917,GOOGL
2023-07-20,B,4174391.0,120.54781349951114,GOOGL
2023-07-20,N,7243434.0,120.29682301950267,GOOGL
2023-07-21,A,2899768.0,119.83973931987956,GOOGL
2023-07-21,B,2833290.0,119.84932938910305,GOOGL
2023-07-21,N,30061376.0,119.90885926928289,GOOGL
2023-07-24,A,2486638.0,121.84617817946827,GOOGL
2023-07-24,N,5010041.0,121.80771147498626,GOOGL
2023-07-24,B,2188843.0,121.8199388661872,GOOGL
2023-07-25,A,4552941.0,124.02927249739591,GOOGL
2023-07-25,B,4580397.0,123.61679404254971,GOOGL
2023-07-25,N,5700038.0,125.76925838542796,GOOGL
2023-07-26,B,5260773.0,129.709691913282,GOOGL
2023-07-26,N,6250087.0,129.72880714879398,GOOGL
2023-07-26,A,5051948.0,129.6870108811286,GOOGL
2023-07-27,A,3741677.0,131.2751936132305,GOOGL
2023-07-27,N,5474051.0,131.36855269889875,GOOGL
2023-07-27,B,3837614.0,131.38861080796366,GOOGL
2023-07-28,B,3105266.0,132.66372534476284,GOOGL
2023-07-28,N,4052910.0,132.45663517724878,GOOGL
2023-07-28,A,2992274.0,132.66747507529033,GOOGL
2023-07-31,A,2226303.0,132.55154682957672,GOOGL
2023-07-31,B,2133313.0,132.5433459435369,GOOGL
2023-07-31,N,4963346.0,132.57649491094193,GOOGL
2023-08-01,N,3589694.0,131.58854346326248,GOOGL
2023-08-01,B,2281779.0,131.76450311070093,GOOGL
2023-08-01,A,2169531.0,131.66938594207764,GOOGL
2023-08-02,A,2471945.0,128.700445281967,GOOGL
2023-08-02,N,3860716.0,128.8241481047296,GOOGL
2023-08-02,B,2647373.0,128.70076357911765,GOOGL
2023-08-03,B,2015883.0,128.52938025600272,GOOGL
2023-08-03,A,2007726.0,128.52037913958583,GOOGL
2023-08-03,N,3442479.0,128.3632824012576,GOOGL
2023-08-04,B,2545484.0,129.61947611786852,GOOGL
2023-08-04,N,3245185.0,129.65393525028173,GOOGL
2023-08-04,A,2505003.0,129.54489017198546,GOOGL
2023-08-07,B,1874452.0,130.57693415784678,GOOGL
2023-08-07,A,1619551.0,130.59049332262953,GOOGL
2023-08-07,N,3561753.0,130.76665558625666,GOOGL
2023-08-08,B,1935587.0,130.82760900983834,GOOGL
2023-08-08,A,1854409.0,130.76804565554306,GOOGL
2023-08-08,N,3279051.0,130.86885885885812,GOOGL
2023-08-09,A,1701689.0,130.51502374017412,GOOGL
2023-08-09,B,2055685.0,130.45571282593113,GOOGL
2023-08-09,N,3435599.0,130.4395741381376,GOOGL
2023-08-10,A,2067232.0,130.44490907208763,GOOGL
2023-08-10,N,2662731.0,130.54341100464478,GOOGL
2023-08-10,B,2366657.0,130.46528969602025,GOOGL
2023-08-11,B,1954342.0,129.122972509219,GOOGL
2023-08-11,A,1716996.0,129.10467303370896,GOOGL
2023-08-11,N,2835050.0,129.2327114641469,GOOGL
2023-08-14,A,1384250.0,130.5746556833614,GOOGL
2023-08-14,N,4394125.0,130.65082442908093,GOOGL
2023-08-14,B,1636716.0,130.6194583813458,GOOGL
2023-08-15,B,1511915.0,130.23534428966784,GOOGL
2023-08-15,A,1626977.0,130.2642286628047,GOOGL
2023-08-15,N,3263559.0,130.2178503507425,GOOGL
2023-08-16,B,2466059.0,128.8789964288104,GOOGL
2023-08-16,N,4139711.0,128.86883898472814,GOOGL
2023-08-16,A,2013252.0,128.82984818754997,GOOGL
2023-08-17,N,5447519.0,130.3371136493843,GOOGL
2023-08-17,A,2517471.0,130.36275100401284,GOOGL
2023-08-17,B,2680536.0,130.42135744504677,GOOGL
2023-08-18,B,2592016.0,127.45499276331593,GOOGL
2023-08-18,A,2878297.0,127.46234408498091,GOOGL
2023-08-18,N,4820986.0,127.59647813026591,GOOGL
2023-08-21,B,1470192.0,127.8899465517243,GOOGL
2023-08-21,N,5466971.0,127.87269408592007,GOOGL
2023-08-21,A,1671588.0,127.84032365276785,GOOGL
2023-08-22,B,1418970.0,129.2086542754271,GOOGL
2023-08-22,N,4772457.0,129.1222508413144,GOOGL
2023-08-22,A,1646065.0,129.2204698795166,GOOGL
2023-08-23,A,2204924.0,132.328225225535,GOOGL
2023-08-23,N,4716167.0,132.30804264625579,GOOGL
2023-08-23,B,2442718.0,132.3613621785522,GOOGL
2023-08-24,A,2567255.0,131.29894792243857,GOOGL
2023-08-24,B,2744337.0,131.20808701253486,GOOGL
2023-08-24,N,5603139.0,131.52607603479115,GOOGL
2023-08-25,B,2594143.0,128.99504764091404,GOOGL
2023-08-25,N,4182825.0,128.9852772625195,GOOGL
2023-08-25,A,2689985.0,129.0053603049976,GOOGL
2023-08-28,N,3802541.0,130.99205171682925,GOOGL
2023-08-28,B,1647674.0,131.0121672736846,GOOGL
2023-08-28,A,1513884.0,131.02213850269666,GOOGL
2023-08-29,N,4669595.0,134.27238158673669,GOOGL
2023-08-29,B,3577132.0,134.47835390430905,GOOGL
2023-08-29,A,4485871.0,134.52882184660257,GOOGL
2023-08-30,B,2088946.0,135.40169026490202,GOOGL
2023-08-30,A,1992386.0,135.32819486962575,GOOGL
2023-08-30,N,3990956.0,135.3536408500336,GOOGL
2023-08-31,A,1960556.0,136.68988640236606,GOOGL
2023-08-31,B,2421924.0,136.70172610599346,GOOGL
2023-08-31,N,6036063.0,136.63009218825914,GOOGL
2023-09-01,A,1707715.0,135.71930803820533,GOOGL
2023-09-01,B,1741479.0,135.6979568831928,GOOGL
2023-09-01,N,3735254.0,135.81928325934265,GOOGL
2023-09-05,A,1580317.0,135.50253887399504,GOOGL
2023-09-05,B,1602194.0,135.54866304347996,GOOGL
2023-09-05,N,3788117.0,135.54067634466003,GOOGL
2023-09-06,N,2642667.0,134.7890155310627,GOOGL
2023-09-06,A,1441074.0,134.70995169483803,GOOGL
2023-09-06,B,1603592.0,134.6879031848176,GOOGL
2023-09-07,N,3102698.0,134.46303110567797,GOOGL
2023-09-07,A,1405928.0,134.4741411340007,GOOGL
2023-09-07,B,1506170.0,134.61296957246998,GOOGL
2023-09-08,B,1776726.0,135.998279553214,GOOGL
2023-09-08,N,4346135.0,135.982067527049,GOOGL
2023-09-08,A,1847872.0,135.96492117381254,GOOGL
2023-09-11,B,1515036.0,136.68375124249562,GOOGL
2023-09-11,N,3363825.0,136.77018357980575,GOOGL
2023-09-11,A,1237744.0,136.69441606197617,GOOGL
2023-09-12,A,1238571.0,135.87544007036846,GOOGL
2023-09-12,B,1399613.0,135.86678989175178,GOOGL
2023-09-12,N,3027336.0,135.86161432401377,GOOGL
2023-09-13,B,1321345.0,135.78755085020683,GOOGL
2023-09-13,N,3341371.0,135.78025736642658,GOOGL
2023-09-13,A,1341064.0,135.74750942749182,GOOGL
2023-09-14,A,1525860.0,137.83144668697773,GOOGL
2023-09-14,N,3826280.0,137.8302279652421,GOOGL
2023-09-14,B,1761040.0,137.8910339108013,GOOGL
2023-09-15,N,15348508.0,137.32715636157084,GOOGL
2023-09-15,A,2137761.0,137.28119630485094,GOOGL
2023-09-15,B,1940916.0,137.29003667097433,GOOGL
2023-09-18,A,1386870.0,138.29041745372623,GOOGL
2023-09-18,N,2796105.0,138.21802874120866,GOOGL
2023-09-18,B,1713210.0,138.32143862363944,GOOGL
2023-09-19,A,1367179.0,137.5937658053833,GOOGL
2023-09-19,N,3276194.0,137.6453985305548,GOOGL
2023-09-19,B,1379025.0,137.6187131481624,GOOGL
2023-09-20,A,2434107.0,135.56642620936165,GOOGL
2023-09-20,B,2376503.0,135.65409748438702,GOOGL
2023-09-20,N,4009010.0,135.7640699691616,GOOGL
2023-09-21,B,2663326.0,131.06131057362268,GOOGL
2023-09-21,A,2826856.0,131.01593426597464,GOOGL
2023-09-21,N,5167707.0,131.1621803556312,GOOGL
2023-09-22,A,1920601.0,130.89514327574975,GOOGL
2023-09-22,N,5409298.0,130.95595432525917,GOOGL
2023-09-22,B,1433100.0,130.96676707857097,GOOGL
2023-09-25,B,1565351.0,130.30030680892585,GOOGL
2023-09-25,A,1660219.0,130.29610642467028,GOOGL
2023-09-25,N,2898327.0,130.32270637604805,GOOGL
2023-09-26,B,2283183.0,128.29630035582198,GOOGL
2023-09-26,A,1974429.0,128.2913967523556,GOOGL
2023-09-26,N,3760103.0,128.4087959146278,GOOGL
2023-09-27,A,1776645.0,129.77325300770852,GOOGL
2023-09-27,B,2009714.0,129.74988657298738,GOOGL
2023-09-27,N,3201207.0,129.70183564431858,GOOGL
2023-09-28,B,1868611.0,131.81790966863207,GOOGL
2023-09-28,A,2003386.0,131.80881320076077,GOOGL
2023-09-28,N,3496837.0,131.62653819118972,GOOGL
2023-09-29,B,2275490.0,131.8821387883768,GOOGL
2023-09-29,N,6637341.0,131.9022066004367,GOOGL
2023-09-29,A,2406354.0,131.9030705407196,GOOGL
2023-10-02,A,2217351.0,133.23883606927797,GOOGL
2023-10-02,N,2867634.0,133.08469759692966,GOOGL
2023-10-02,B,1903437.0,133.25408496097828,GOOGL
2023-10-03,N,3219381.0,132.7004131749231,GOOGL
2023-10-03,B,1810307.0,132.74136779608304,GOOGL
2023-10-03,A,1730449.0,132.7325531213944,GOOGL
2023-10-04,B,1976264.0,134.44772465330612,GOOGL
2023-10-04,N,4534644.0,134.46407396554068,GOOGL
2023-10-04,A,2282523.0,134.46949226759233,GOOGL
2023-10-05,N,3432993.0,134.77311147615282,GOOGL
2023-10-05,A,1788811.0,134.73185843848265,GOOGL
2023-10-05,B,1507050.0,134.768334109321,GOOGL
2023-10-06,N,4109475.0,136.49722137521223,GOOGL
2023-10-06,A,2304841.0,136.68483700629068,GOOGL
2023-10-06,B,2409232.0,136.79345520276343,GOOGL
2023-10-09,N,2690431.0,137.79252266956553,GOOGL
2023-10-09,B,1448720.0,137.74929327775544,GOOGL
2023-10-09,A,1362819.0,137.7151615606683,GOOGL
2023-10-10,N,3131168.0,138.56635741406717,GOOGL
2023-10-10,A,1752453.0,138.60959500279264,GOOGL
2023-10-10,B,1573718.0,138.69028243797675,GOOGL
2023-10-11,N,3234905.0,140.17683238448205,GOOGL
2023-10-11,A,1724837.0,140.20766349682444,GOOGL
2023-10-11,B,1772212.0,140.2210263396849,GOOGL
2023-10-12,N,3046397.0,139.83988039457338,GOOGL
2023-10-12,B,1985425.0,139.78600229367208,GOOGL
2023-10-12,A,1734976.0,139.79660466873983,GOOGL
2023-10-13,N,4159832.0,138.09295316138318,GOOGL
2023-10-13,B,2035024.0,137.92444210602483,GOOGL
2023-10-13,A,1677669.0,137.86627615214564,GOOGL
2023-10-16,N,7543183.0,138.8892561983466,GOOGL
2023-10-16,B,1545481.0,138.9134798223219,GOOGL
2023-10-16,A,1413667.0,138.91506867706025,GOOGL
2023-10-17,B,1848256.0,138.93383288433097,GOOGL
2023-10-17,A,1630587.0,138.92328174863187,GOOGL
2023-10-17,N,4451128.0,138.99269675553882,GOOGL
2023-10-18,B,1718620.0,139.2615681202286,GOOGL
2023-10-18,A,1820356.0,139.23948793134372,GOOGL
2023-10-18,N,2980436.0,139.14946135334037,GOOGL
2023-10-19,N,3701205.0,138.39342820632018,GOOGL
2023-10-19,A,1932814.0,138.48876875967753,GOOGL
2023-10-19,B,2100513.0,138.53217928480447,GOOGL
2023-10-20,B,1964732.0,136.19336784584235,GOOGL
2023-10-20,N,5166383.0,136.25990532118976,GOOGL
2023-10-20,A,1834026.0,136.16846355951458,GOOGL
2023-10-23,A,1948407.0,136.4010992108208,GOOGL
2023-10-23,N,3104170.0,136.1913693888551,GOOGL
2023-10-23,B,1951087.0,136.39168717874375,GOOGL
2023-10-24,A,3040584.0,137.1006504911077,GOOGL
2023-10-24,N,5685584.0,135.30413028934598,GOOGL
2023-10-24,B,3089207.0,136.98043613422797,GOOGL
2023-10-25,B,5172915.0,126.53722065084314,GOOGL
2023-10-25,N,8899413.0,127.13173802357768,GOOGL
2023-10-25,A,6387687.0,126.4621952583829,GOOGL
2023-10-26,A,3652569.0,122.5749790382198,GOOGL
2023-10-26,N,6762380.0,122.6211500231161,GOOGL
2023-10-26,B,4079195.0,122.62636688141845,GOOGL
2023-10-27,B,3310378.0,121.69328499067764,GOOGL
2023-10-27,A,3502892.0,121.66754035495997,GOOGL
2023-10-27,N,4868146.0,121.74293097162284,GOOGL
2023-10-30,N,2998554.0,124.35940862303269,GOOGL
2023-10-30,A,1892362.0,124.3799893571764,GOOGL
2023-10-30,B,2217134.0,124.4245335138827,GOOGL
2023-10-31,B,1676859.0,123.8312826381397,GOOGL
2023-10-31,N,3821791.0,123.86184046801039,GOOGL
2023-10-31,A,1632607.0,123.77807611828136,GOOGL
2023-11-01,N,4110146.0,125.33197776845643,GOOGL
2023-11-01,A,2003154.0,125.43148449920987,GOOGL
2023-11-01,B,2056256.0,125.4618971958955,GOOGL
2023-11-02,B,1855846.0,127.71252505766522,GOOGL
2023-11-02,N,3920871.0,127.69092911619644,GOOGL
2023-11-02,A,1890929.0,127.67717668619113,GOOGL
2023-11-03,B,1861700.0,128.88264453274425,GOOGL
2023-11-03,N,3945530.0,128.790756165199,GOOGL
2023-11-03,A,2330558.0,128.8297539946612,GOOGL
2023-11-06,A,1276047.0,129.6369120972994,GOOGL
2023-11-06,N,3153275.0,129.66103407536335,GOOGL
2023-11-06,B,1355585.0,129.69405247181587,GOOGL
2023-11-07,B,1588601.0,131.1189468649829,GOOGL
2023-11-07,N,5127778.0,131.0665362318829,GOOGL
2023-11-07,A,1586408.0,131.04709618104533,GOOGL
2023-11-08,A,1415924.0,131.42567290963123,GOOGL
2023-11-08,N,4265111.0,131.46983394221166,GOOGL
2023-11-08,B,1665844.0,131.4946299119693,GOOGL
2023-11-09,A,1732205.0,131.19016786854144,GOOGL
2023-11-09,N,3373889.0,131.12962519405673,GOOGL
2023-11-09,B,1643549.0,131.15610515125547,GOOGL
2023-11-10,N,5460523.0,131.24816580844373,GOOGL
2023-11-10,B,1547235.0,131.3057988355566,GOOGL
2023-11-10,A,1505058.0,131.26196116599215,GOOGL
2023-11-13,B,1210142.0,132.10851117796116,GOOGL
2023-11-13,N,2800292.0,132.08985194741416,GOOGL
2023-11-13,A,1371344.0,132.08619186778736,GOOGL
2023-11-14,N,5533151.0,134.38007122046017,GOOGL
2023-11-14,A,2153618.0,134.37982999370286,GOOGL
2023-11-14,B,2404416.0,134.42798688285654,GOOGL
2023-11-15,A,1411219.0,134.25565063055035,GOOGL
2023-11-15,N,4904469.0,134.32477419951815,GOOGL
2023-11-15,B,1508755.0,134.29960136145817,GOOGL
2023-11-16,N,4790990.0,136.2606677781187,GOOGL
2023-11-16,B,1836239.0,136.32246173945555,GOOGL
2023-11-16,A,2098024.0,136.23757384987894,GOOGL
2023-11-17,N,6898867.0,134.9020356795314,GOOGL
2023-11-17,A,2435318.0,134.80742599897462,GOOGL
2023-11-17,B,2059554.0,134.87906201254995,GOOGL
2023-11-20,A,1658961.0,135.63027681804954,GOOGL
2023-11-20,B,1619965.0,135.60768923116433,GOOGL
2023-11-20,N,5699879.0,135.4467793305178,GOOGL
2023-11-21,N,3091984.0,136.6518015153556,GOOGL
2023-11-21,B,1550546.0,136.65888641425298,GOOGL
2023-11-21,A,1494521.0,136.63726223675582,GOOGL
2023-11-22,N,3182353.0,138.3826806940214,GOOGL
2023-11-22,B,1482155.0,138.47297824218603,GOOGL
2023-11-22,A,1207553.0,138.45901421801298,GOOGL
2023-11-24,N,1929745.0,136.86312751677886,GOOGL
2023-11-24,A,919532.0,136.80616796102075,GOOGL
2023-11-24,B,757024.0,136.85845997286341,GOOGL
2023-11-27,B,1575023.0,136.82555216358446,GOOGL
2023-11-27,A,1585907.0,136.79258598849947,GOOGL
2023-11-27,N,4033205.0,136.73641764817415,GOOGL
2023-11-28,B,1601546.0,136.48227971412132,GOOGL
2023-11-28,N,4554422.0,136.4811833969204,GOOGL
2023-11-28,A,1321930.0,136.41839399427462,GOOGL
2023-11-29,N,3497303.0,136.02102070885124,GOOGL
2023-11-29,A,2703620.0,136.02243222858823,GOOGL
2023-11-29,B,1661725.0,136.0426192811944,GOOGL
2023-11-30,A,2787183.0,132.58328466186424,GOOGL
2023-11-30,N,8315328.0,132.54164434840845,GOOGL
2023-11-30,B,2928152.0,132.5223001522655,GOOGL
2023-12-01,N,4467546.0,131.54151022136148,GOOGL
2023-12-01,A,2696596.0,131.46030413943674,GOOGL
2023-12-01,B,2338763.0,131.50358602883168,GOOGL
2023-12-04,N,4910555.0,128.9255862346384,GOOGL
2023-12-04,B,2561964.0,128.77910731244327,GOOGL
2023-12-04,A,2662873.0,128.80261209412006,GOOGL
2023-12-05,N,4642643.0,130.49337164751026,GOOGL
2023-12-05,A,1917428.0,130.63043586595643,GOOGL
2023-12-05,B,2179801.0,130.72362731795744,GOOGL
2023-12-06,N,3822278.0,130.82380393471837,GOOGL
2023-12-06,B,1509381.0,130.72405008070552,GOOGL
2023-12-06,A,1747545.0,130.7447145688373,GOOGL
2023-12-07,N,5963096.0,136.52275669218534,GOOGL
2023-12-07,B,4358955.0,136.9041159512523,GOOGL
2023-12-07,A,4098306.0,136.88392388562195,GOOGL
2023-12-08,A,2543659.0,135.02660163859397,GOOGL
2023-12-08,B,2390373.0,135.0567551764497,GOOGL
2023-12-08,N,4627559.0,135.07901212873116,GOOGL
2023-12-11,A,2227533.0,132.57321464393078,GOOGL
2023-12-11,N,5582055.0,132.72236036377356,GOOGL
2023-12-11,B,2323688.0,132.61474875570812,GOOGL
2023-12-12,A,2313905.0,132.23486219791334,GOOGL
2023-12-12,N,5028255.0,132.25118848653423,GOOGL
2023-12-12,B,2548811.0,132.27907113549276,GOOGL
2023-12-13,A,2150800.0,132.50912497383135,GOOGL
2023-12-13,B,1764332.0,132.5390928544459,GOOGL
2023-12-13,N,4766045.0,132.48387695312417,GOOGL
2023-12-14,B,2996995.0,131.411893524751,GOOGL
2023-12-14,N,6323562.0,131.45204738793694,GOOGL
2023-12-14,A,3106585.0,131.32711615367205,GOOGL
2023-12-15,B,2192638.0,132.1776517264412,GOOGL
2023-12-15,N,24925673.0,132.16656912442318,GOOGL
2023-12-15,A,2293936.0,132.15541665238732,GOOGL
2023-12-18,B,2329362.0,135.55449940655112,GOOGL
2023-12-18,A,2174668.0,135.5485016156559,GOOGL
2023-12-18,N,4947277.0,135.59297017289188,GOOGL
2023-12-19,A,1670760.0,136.6907798522884,GOOGL
2023-12-19,B,1779768.0,136.7041089985037,GOOGL
2023-12-19,N,6035169.0,136.67043796226872,GOOGL
2023-12-20,N,5898477.0,139.70808652988242,GOOGL
2023-12-20,A,3214798.0,139.86656409250747,GOOGL
2023-12-20,B,4162139.0,139.97204815150332,GOOGL
2023-12-21,A,1912309.0,139.9680437841994,GOOGL
2023-12-21,N,3833535.0,139.9699708398173,GOOGL
2023-12-21,B,2885329.0,139.99633682898508,GOOGL
2023-12-22,A,1904449.0,141.27503719693578,GOOGL
2023-12-22,N,4900421.0,141.2532282218927,GOOGL
2023-12-22,B,2202280.0,141.30054824703802,GOOGL
2023-12-26,A,2056239.0,141.67998176674027,GOOGL
2023-12-26,N,2507636.0,141.71114048698897,GOOGL
2023-12-26,B,1234049.0,141.71106241783252,GOOGL
2023-12-27,A,1612088.0,140.44454942788923,GOOGL
2023-12-27,N,3740048.0,140.41986615558503,GOOGL
2023-12-27,B,1734961.0,140.45759118880608,GOOGL
2023-12-28,B,1211875.0,140.34676454813732,GOOGL
2023-12-28,N,2296346.0,140.36260126182833,GOOGL
2023-12-28,A,1152802.0,140.3348610860005,GOOGL
2023-12-29,A,1606948.0,139.56084617500738,GOOGL
2023-12-29,N,4186107.0,139.58645014959617,GOOGL
2023-12-29,B,1539999.0,139.59772681836571,GOOGL
2024-01-02,N,4678171.0,137.7451295848868,GOOGL
2024-01-02,A,2138192.0,137.6732301740828,GOOGL
2024-01-02,B,2089888.0,137.71869232827686,GOOGL
2024-01-03,N,4838116.0,138.6226022155837,GOOGL
2024-01-03,A,1863502.0,138.6214854670047,GOOGL
2024-01-03,B,1833132.0,138.6465284082005,GOOGL
2024-01-04,B,1805411.0,137.65634804801846,GOOGL
2024-01-04,A,1997908.0,137.68832166037606,GOOGL
2024-01-04,N,5702470.0,137.78378037445114,GOOGL
2024-01-05,N,3969822.0,136.05276701631098,GOOGL
2024-01-05,B,1668349.0,136.04167608522306,GOOGL
2024-01-05,A,1915709.0,136.09088357093077,GOOGL
2024-01-08,N,5533543.0,137.66799712391125,GOOGL
2024-01-08,A,1576841.0,137.80235508223382,GOOGL
2024-01-08,B,1532404.0,137.8465465225528,GOOGL
2024-01-09,N,3762610.0,140.30625918876305,GOOGL
2024-01-09,B,1996869.0,140.33940556311487,GOOGL
2024-01-09,A,1841307.0,140.34376732637332,GOOGL
2024-01-10,A,1701919.0,141.98822320867487,GOOGL
2024-01-10,B,1527651.0,142.05241035693993,GOOGL
2024-01-10,N,3459163.0,141.94635248279943,GOOGL
2024-01-11,A,2072487.0,142.2760510892714,GOOGL
2024-01-11,B,2205778.0,142.52863286071792,GOOGL
2024-01-11,N,2733221.0,142.32115633283826,GOOGL
2024-01-12,B,1198321.0,142.62325923359728,GOOGL
2024-01-12,N,3805514.0,142.52540646906985,GOOGL
2024-01-12,A,1388835.0,142.63243185973968,GOOGL
2024-01-16,B,1586824.0,142.5939104173482,GOOGL
2024-01-16,N,3932397.0,142.46109439584941,GOOGL
2024-01-16,A,1949564.0,142.55659423654512,GOOGL
2024-01-17,B,1615267.0,140.6467714013316,GOOGL
2024-01-17,A,1645576.0,140.56756063148276,GOOGL
2024-01-17,N,2980124.0,140.68717465089267,GOOGL
2024-01-18,A,2089654.0,143.1825286467988,GOOGL
2024-01-18,B,1804834.0,143.1832748323407,GOOGL
2024-01-18,N,4540722.0,143.15022021413853,GOOGL
2024-01-19,A,2343155.0,145.67244802616264,GOOGL
2024-01-19,N,6446013.0,145.66329182684328,GOOGL
2024-01-19,B,2451201.0,145.74526794081834,GOOGL
2024-01-22,A,2240943.0,147.16058092399223,GOOGL
2024-01-22,B,2733567.0,147.14485687178046,GOOGL
2024-01-22,N,5529676.0,147.07205603539157,GOOGL
2024-01-23,B,1548052.0,146.572733607587,GOOGL
2024-01-23,N,4773560.0,146.5313918186289,GOOGL
2024-01-23,A,1480185.0,146.5578089046846,GOOGL
2024-01-24,B,1612420.0,149.00703075656102,GOOGL
2024-01-24,A,1826652.0,149.02124419032643,GOOGL
2024-01-24,N,3342675.0,148.9419343362479,GOOGL
2024-01-25,A,2294722.0,151.63641937967535,GOOGL
2024-01-25,B,2455223.0,151.57256721229945,GOOGL
2024-01-25,N,4284460.0,151.3838723188206,GOOGL
2024-01-26,A,1909919.0,151.92487918781646,GOOGL
2024-01-26,N,4781159.0,151.89229587137004,GOOGL
2024-01-26,B,1953389.0,151.9277083616573,GOOGL
2024-01-29,A,1652373.0,152.55484564372387,GOOGL
2024-01-29,N,4534845.0,152.56829837139438,GOOGL
2024-01-29,B,1431848.0,152.62020304993044,GOOGL
2024-01-30,A,2632581.0,150.5710228150211,GOOGL
2024-01-30,B,2834033.0,150.13645607908487,GOOGL
2024-01-30,N,5874787.0,149.1705674687028,GOOGL
2024-01-31,B,5159437.0,141.69209302952285,GOOGL
2024-01-31,N,9368466.0,141.90778735355167,GOOGL
2024-01-31,A,6251869.0,141.6380289992967,GOOGL
2024-02-01,A,3341261.0,141.64117030828953,GOOGL
2024-02-01,N,4722502.0,141.65600549450528,GOOGL
2024-02-01,B,2446470.0,141.71891308640895,GOOGL
2024-02-02,B,4527946.0,139.99554362393908,GOOGL
2024-02-02,N,6733932.0,140.00173752853934,GOOGL
2024-02-02,A,5860896.0,139.86612808895495,GOOGL
2024-02-05,B,3110367.0,143.98886171803414,GOOGL
2024-02-05,A,3203892.0,143.95000596989368,GOOGL
2024-02-05,N,4768604.0,143.91620937154897,GOOGL
2024-02-06,A,2360870.0,144.06462543577595,GOOGL
2024-02-06,B,2098998.0,144.06954092589362,GOOGL
2024-02-06,N,5324244.0,144.0888294909031,GOOGL
2024-02-07,B,1979207.0,145.00131249999674,GOOGL
2024-02-07,A,2238513.0,144.95113217924376,GOOGL
2024-02-07,N,4244899.0,145.01703512631934,GOOGL
2024-02-08,A,1636204.0,145.81918406994228,GOOGL
2024-02-08,B,1593776.0,145.83512930113022,GOOGL
2024-02-08,N,3432089.0,145.80820524338472,GOOGL
2024-02-09,A,2022244.0,148.25512832896692,GOOGL
2024-02-09,B,1999586.0,148.35448082873134,GOOGL
2024-02-09,N,3577260.0,148.32128604557502,GOOGL
2024-02-12,A,1699297.0,148.24659264574126,GOOGL
2024-02-12,B,1549250.0,148.24705615230675,GOOGL
2024-02-12,N,3576891.0,148.28553490136628,GOOGL
2024-02-13,B,2202255.0,145.0405013554439,GOOGL
2024-02-13,N,3694075.0,145.05014491734045,GOOGL
2024-02-13,A,2393326.0,145.02630826725664,GOOGL
2024-02-14,B,1625832.0,145.18060932749057,GOOGL
2024-02-14,A,2051742.0,145.19224927003253,GOOGL
2024-02-14,N,3796848.0,145.1168675213666,GOOGL
2024-02-15,B,2887364.0,142.11683179895712,GOOGL
2024-02-15,N,4326540.0,142.15295968156192,GOOGL
2024-02-15,A,3359884.0,142.03197715999545,GOOGL
2024-02-16,A,2910054.0,141.11278685378284,GOOGL
2024-02-16,B,2102165.0,141.05243632375198,GOOGL
2024-02-16,N,4423936.0,141.2131619242058,GOOGL
2024-02-20,B,1809717.0,140.88184758714496,GOOGL
2024-02-20,N,4370350.0,140.7990414478188,GOOGL
2024-02-20,A,2051070.0,140.8777508441089,GOOGL
2024-02-21,B,1837547.0,141.96295724696625,GOOGL
2024-02-21,N,2792653.0,141.85301605245152,GOOGL
2024-02-21,A,1969240.0,141.91268416915392,GOOGL
2024-02-22,A,2616421.0,143.91270623179108,GOOGL
2024-02-22,N,5061302.0,144.06644355361112,GOOGL
2024-02-22,B,1848972.0,143.9556389197703,GOOGL
2024-02-23,B,1436261.0,143.96120866324983,GOOGL
2024-02-23,N,3760325.0,143.94841347206955,GOOGL
2024-02-23,A,1722923.0,143.94727604982208,GOOGL
2024-02-26,B,3437517.0,139.07453872696786,GOOGL
2024-02-26,N,5713455.0,139.2803483404544,GOOGL
2024-02-26,A,3870601.0,139.06739248814722,GOOGL
2024-02-27,A,3019114.0,138.15634726137048,GOOGL
2024-02-27,N,3761382.0,138.25536590841233,GOOGL
2024-02-27,B,2488414.0,138.18441328560542,GOOGL
2024-02-28,B,2622254.0,136.22064074275437,GOOGL
2024-02-28,A,3609896.0,136.26527101685733,GOOGL
2024-02-28,N,3557183.0,136.3549289827264,GOOGL
2024-02-29,N,9594037.0,137.4610020952031,GOOGL
2024-02-29,B,2405716.0,137.58111777119535,GOOGL
2024-02-29,A,2860503.0,137.43724661181614,GOOGL
2024-03-01,B,2178293.0,137.819081757168,GOOGL
2024-03-01,N,4199503.0,137.87937467543756,GOOGL
2024-03-01,A,3383562.0,137.75029694036525,GOOGL
2024-03-04,N,5500699.0,133.44009111871515,GOOGL
2024-03-04,B,4181450.0,133.1734915645845,GOOGL
2024-03-04,A,4660680.0,133.23758386380808,GOOGL
2024-03-05,A,3197527.0,131.98264691416188,GOOGL
2024-03-05,N,5650292.0,132.05751893184285,GOOGL
2024-03-05,B,3441848.0,132.008650063914,GOOGL
2024-03-06,N,5333660.0,131.85237060514808,GOOGL
2024-03-06,B,2943989.0,131.64847524849247,GOOGL
2024-03-06,A,2718514.0,131.70408984031516,GOOGL
2024-03-07,B,3158532.0,133.79219277613072,GOOGL
2024-03-07,A,3172397.0,133.7796692870648,GOOGL
2024-03-07,N,4758309.0,133.77961948897646,GOOGL
2024-03-08,B,4350656.0,136.34451377306726,GOOGL
2024-03-08,N,4662621.0,136.19205631232506,GOOGL
2024-03-08,A,3606124.0,136.32859330868556,GOOGL
2024-03-11,A,2666275.0,137.98889052186385,GOOGL
2024-03-11,N,3401979.0,137.82239426502602,GOOGL
2024-03-11,B,2848601.0,137.96409264843766,GOOGL
2024-03-12,B,2050381.0,138.5682494079556,GOOGL
2024-03-12,N,3929011.0,138.52660558780786,GOOGL
2024-03-12,A,2601799.0,138.57616537855108,GOOGL
2024-03-13,B,1946654.0,140.15117468025778,GOOGL
2024-03-13,A,1987876.0,140.12254949205715,GOOGL
2024-03-13,N,4067620.0,140.0324987510385,GOOGL
2024-03-14,A,3669254.0,142.39717647960396,GOOGL
2024-03-14,N,6071160.0,142.34874421378777,GOOGL
2024-03-14,B,4059383.0,142.49199225974868,GOOGL
2024-03-15,N,17704818.0,141.328391433669,GOOGL
2024-03-15,B,2741376.0,141.2492163065346,GOOGL
2024-03-15,A,2760777.0,141.19836492509,GOOGL
2024-03-18,N,7858599.0,149.45142459555487,GOOGL
2024-03-18,A,5015634.0,149.5406015706876,GOOGL
2024-03-18,B,5661686.0,149.70199605941536,GOOGL
2024-03-19,N,4359377.0,146.87842485813968,GOOGL
2024-03-19,A,1978115.0,146.83372267690834,GOOGL
2024-03-19,B,1704609.0,146.8360233895882,GOOGL
2024-03-20,A,1804427.0,147.92285719334657,GOOGL
2024-03-20,B,1577386.0,147.99712279355876,GOOGL
2024-03-20,N,3221382.0,147.93220623916739,GOOGL
2024-03-21,A,2202780.0,148.04242419892114,GOOGL
2024-03-21,N,3552623.0,148.31286376492997,GOOGL
2024-03-21,B,1937119.0,148.08802996946605,GOOGL
2024-03-22,N,4380433.0,150.2571146182047,GOOGL
2024-03-22,A,1915605.0,150.58684529788405,GOOGL
2024-03-22,B,2353052.0,150.64831710963165,GOOGL
2024-03-25,A,1418283.0,149.32946717324177,GOOGL
2024-03-25,N,3478857.0,149.44518401840187,GOOGL
2024-03-25,B,1460419.0,149.38554043767954,GOOGL
2024-03-26,B,1788255.0,151.19126703050253,GOOGL
2024-03-26,N,4350595.0,151.1694959334235,GOOGL
2024-03-26,A,1586907.0,151.11477783566068,GOOGL
2024-03-27,B,1926877.0,150.09365775056338,GOOGL
2024-03-27,A,1888944.0,150.14022847531353,GOOGL
2024-03-27,N,3277384.0,150.0764774546989,GOOGL
2024-03-28,A,1752067.0,150.81912959454027,GOOGL
2024-03-28,N,7810720.0,150.81673316445008,GOOGL
2024-03-28,B,1817215.0,150.839564767249,GOOGL
2024-04-01,N,5184292.0,154.6564736587174,GOOGL
2024-04-01,A,2802926.0,154.71298106741057,GOOGL
2024-04-01,B,2960487.0,154.65244592677604,GOOGL
2024-04-02,B,2037819.0,153.6330304128772,GOOGL
2024-04-02,N,4331092.0,153.70082786811713,GOOGL
2024-04-02,A,2119124.0,153.58038699738958,GOOGL
2024-04-03,A,2101445.0,154.30969641454664,GOOGL
2024-04-03,B,2106860.0,154.434581365962,GOOGL
2024-04-03,N,3164066.0,154.55285901142727,GOOGL
2024-04-04,A,3075363.0,152.70768591497588,GOOGL
2024-04-04,B,2976656.0,152.73201672796904,GOOGL
2024-04-04,N,5171168.0,152.80722180142726,GOOGL
2024-04-05,N,3643190.0,152.01890618032624,GOOGL
2024-04-05,B,2007707.0,152.247363052639,GOOGL
2024-04-05,A,2135069.0,152.28037127058735,GOOGL
2024-04-08,N,4128493.0,154.3256892164143,GOOGL
2024-04-08,A,1604378.0,154.49878172787322,GOOGL
2024-04-08,B,1754017.0,154.52442881303682,GOOGL
2024-04-09,N,3634195.0,156.64334842758302,GOOGL
2024-04-09,B,2660007.0,156.73954341449,GOOGL
2024-04-09,A,2441366.0,156.6658258376995,GOOGL
2024-04-10,N,2941458.0,155.7716445019638,GOOGL
2024-04-10,A,2218479.0,155.690532647407,GOOGL
2024-04-10,B,1983733.0,155.68261051424852,GOOGL
2024-04-11,N,4049321.0,158.25962897030163,GOOGL
2024-04-11,B,2425233.0,158.30637939046778,GOOGL
2024-04-11,A,2195503.0,158.1826398402734,GOOGL
2024-04-12,N,3879066.0,158.23303966189886,GOOGL
2024-04-12,A,2120403.0,158.20504123557023,GOOGL
2024-04-12,B,2192367.0,158.28626469959167,GOOGL
2024-04-15,A,2401737.0,156.8789622093762,GOOGL
2024-04-15,N,4320578.0,157.09761306043026,GOOGL
2024-04-15,B,2295453.0,156.9904520069791,GOOGL
2024-04-16,B,1793829.0,154.59310711031748,GOOGL
2024-04-16,A,1998230.0,154.5984869354488,GOOGL
2024-04-16,N,3629728.0,154.5675042083376,GOOGL
2024-04-17,N,2847118.0,155.78067252088252,GOOGL
2024-04-17,A,1759685.0,155.78307659490534,GOOGL
2024-04-17,B,1655516.0,155.76711990415603,GOOGL
2024-04-18,N,3238278.0,156.0366075602052,GOOGL
2024-04-18,A,1815163.0,156.02788451695315,GOOGL
2024-04-18,B,1573521.0,156.01778011840105,GOOGL
2024-04-19,A,2654825.0,154.19087131185256,GOOGL
2024-04-19,N,6768320.0,154.35634162594417,GOOGL
2024-04-19,B,2073841.0,154.22383698652382,GOOGL
2024-04-22,B,2052619.0,156.00845431789972,GOOGL
2024-04-22,A,1954733.0,155.93835229333422,GOOGL
2024-04-22,N,5287535.0,155.82350401957441,GOOGL
2024-04-23,N,3456661.0,157.9746059492259,GOOGL
2024-04-23,A,2034202.0,158.03034722458992,GOOGL
2024-04-23,B,1846215.0,158.0740291992219,GOOGL
2024-04-24,A,2407862.0,158.1575459986682,GOOGL
2024-04-24,B,2037303.0,158.14485201895735,GOOGL
2024-04-24,N,3293787.0,157.8268837766391,GOOGL
2024-04-25,A,5175545.0,160.1989266112603,GOOGL
2024-04-25,N,7653016.0,164.01806345277546,GOOGL
2024-04-25,B,5897508.0,158.84814383677693,GOOGL
2024-04-26,B,4883371.0,171.9799237450509,GOOGL
2024-04-26,N,6263966.0,172.56096368356899,GOOGL
2024-04-26,A,4969130.0,171.94978073482213,GOOGL
2024-04-29,A,3475289.0,167.42223465813794,GOOGL
2024-04-29,B,3595096.0,167.34579383039141,GOOGL
2024-04-29,N,7202951.0,167.80453453751372,GOOGL
2024-04-30,A,2487215.0,164.87239281378638,GOOGL
2024-04-30,B,2469714.0,165.0064467412945,GOOGL
2024-04-30,N,6916626.0,164.94781830948165,GOOGL
2024-05-01,N,4190203.0,164.91527030912843,GOOGL
2024-05-01,A,2777262.0,165.06515811360526,GOOGL
2024-05-01,B,2711639.0,165.1072442623722,GOOGL
2024-05-02,N,4017180.0,165.41135709846668,GOOGL
2024-05-02,A,1863704.0,165.4603825828943,GOOGL
2024-05-02,B,1481429.0,165.46272524224983,GOOGL
2024-05-03,B,2382164.0,165.7350301556426,GOOGL
2024-05-03,A,2646533.0,165.74132432884272,GOOGL
2024-05-03,N,3837689.0,166.01967450137028,GOOGL
2024-05-06,N,3272193.0,167.12657160681033,GOOGL
2024-05-06,A,1599168.0,167.07142544965336,GOOGL
2024-05-06,B,1490885.0,167.12286067996487,GOOGL
2024-05-07,N,4150536.0,170.37528413284295,GOOGL
2024-05-07,A,1964864.0,170.6549024316979,GOOGL
2024-05-07,B,2289973.0,170.63602741303532,GOOGL
2024-05-08,A,1235532.0,169.6190529513936,GOOGL
2024-05-08,N,4894798.0,169.62488061398508,GOOGL
2024-05-08,B,1120584.0,169.63243338771326,GOOGL
2024-05-09,A,1234411.0,169.16930405886737,GOOGL
2024-05-09,N,2117908.0,169.20341768245692,GOOGL
2024-05-09,B,1527053.0,169.21233504121318,GOOGL
2024-05-10,B,2661861.0,168.1514327920874,GOOGL
2024-05-10,N,3689037.0,168.21010698076674,GOOGL
2024-05-10,A,2230332.0,168.1169875365323,GOOGL
2024-05-13,N,3728859.0,166.40759392076504,GOOGL
2024-05-13,B,2844036.0,166.69909256726586,GOOGL
2024-05-13,A,2510014.0,166.44394891415126,GOOGL
2024-05-14,N,3882443.0,170.0034445785352,GOOGL
2024-05-14,A,1806722.0,170.02627126516953,GOOGL
2024-05-14,B,1867781.0,170.05918961375386,GOOGL
2024-05-15,B,2161713.0,171.73901619335518,GOOGL
2024-05-15,A,1906807.0,171.6827233445464,GOOGL
2024-05-15,N,4588995.0,171.65123383845162,GOOGL
2024-05-16,B,1813148.0,174.22593846153936,GOOGL
2024-05-16,N,4187452.0,174.11305558245323,GOOGL
2024-05-16,A,1956607.0,174.1756667583185,GOOGL
2024-05-17,B,1474253.0,175.6444199395673,GOOGL
2024-05-17,N,4702409.0,175.42125867195517,GOOGL
2024-05-17,A,1542926.0,175.60882146801367,GOOGL
2024-05-20,A,1604370.0,177.2109102916927,GOOGL
2024-05-20,N,2413145.0,177.14062150632455,GOOGL
2024-05-20,B,1380305.0,177.33126410496692,GOOGL
2024-05-21,A,1408920.0,177.36481221146232,GOOGL
2024-05-21,B,1292054.0,177.40638886398796,GOOGL
2024-05-21,N,3130744.0,177.31129070963075,GOOGL
2024-05-22,N,2957973.0,176.09794185482005,GOOGL
2024-05-22,A,1330700.0,175.97061042575328,GOOGL
2024-05-22,B,1445952.0,175.99768013218966,GOOGL
2024-05-23,B,1792381.0,175.0895259356024,GOOGL
2024-05-23,N,4614922.0,175.48328040494027,GOOGL
2024-05-23,A,1597558.0,175.08418692169138,GOOGL
2024-05-24,B,1139066.0,175.02893978082497,GOOGL
2024-05-24,N,3888649.0,174.9419680534052,GOOGL
2024-05-24,A,1777322.0,174.99630406475035,GOOGL
2024-05-28,A,2174568.0,175.9256948276865,GOOGL
2024-05-28,N,4826547.0,175.86708604062846,GOOGL
2024-05-28,B,1840173.0,175.96105357204232,GOOGL
2024-05-29,A,1673993.0,176.12345773479055,GOOGL
2024-05-29,N,6612431.0,176.11701850180475,GOOGL
2024-05-29,B,1609265.0,176.12679925518185,GOOGL
2024-05-30,B,1717875.0,172.99900836586886,GOOGL
2024-05-30,N,4247706.0,173.13853210186468,GOOGL
2024-05-30,A,1806548.0,173.03076767321366,GOOGL
2024-05-31,N,10679242.0,171.4241043956064,GOOGL
2024-05-31,B,2208928.0,171.20036851153492,GOOGL
2024-05-31,A,2268989.0,171.05885667558428,GOOGL
2024-06-03,B,1745447.0,172.5354648835024,GOOGL
2024-06-03,A,1688868.0,172.46272960086787,GOOGL
2024-06-03,N,4791520.0,172.55416957395045,GOOGL
2024-06-04,B,1303549.0,172.8497556806371,GOOGL
2024-06-04,N,4594564.0,172.8990695382886,GOOGL
2024-06-04,A,1381875.0,172.79242528534272,GOOGL
2024-06-05,B,1570979.0,175.27920407658755,GOOGL
2024-06-05,N,3548021.0,175.22197245344515,GOOGL
2024-06-05,A,2213934.0,175.2117182093914,GOOGL
2024-06-06,A,1642984.0,176.5224095291218,GOOGL
2024-06-06,B,1506225.0,176.53070403123084,GOOGL
2024-06-06,N,5501959.0,176.52304346066734,GOOGL
2024-06-07,B,1611621.0,176.15528480231742,GOOGL
2024-06-07,N,3675267.0,176.19345227425242,GOOGL
2024-06-07,A,1824548.0,176.126146108283,GOOGL
2024-06-10,N,4558785.0,174.45217438592988,GOOGL
2024-06-10,A,1635280.0,174.36160936047426,GOOGL
2024-06-10,B,1827342.0,174.44323969537592,GOOGL
2024-06-11,B,1277029.0,175.30703786362756,GOOGL
2024-06-11,N,2520574.0,175.39921226659752,GOOGL
2024-06-11,A,1313863.0,175.22212541369439,GOOGL
2024-06-12,A,2088846.0,177.69972474566103,GOOGL
2024-06-12,N,5020556.0,177.7784052475601,GOOGL
2024-06-12,B,2027497.0,177.7631578557843,GOOGL
2024-06-13,B,1111163.0,175.90518897220218,GOOGL
2024-06-13,A,1481047.0,175.88715011390644,GOOGL
2024-06-13,N,4645748.0,175.9622623835231,GOOGL
2024-06-14,N,2682411.0,175.86984189392646,GOOGL
2024-06-14,A,1011790.0,176.06895993869287,GOOGL
2024-06-14,B,1195388.0,176.2079404639698,GOOGL
2024-06-17,N,4067268.0,176.4338968386041,GOOGL
2024-06-17,B,1561141.0,176.57313402061624,GOOGL
2024-06-17,A,1331401.0,176.43136765314185,GOOGL
2024-06-18,N,5524113.0,175.5446368090329,GOOGL
2024-06-18,B,1342736.0,175.4250865205764,GOOGL
2024-06-18,A,1703029.0,175.39979189892367,GOOGL
2024-06-20,A,1502364.0,175.88257819325355,GOOGL
2024-06-20,N,4986718.0,175.8367458342355,GOOGL
2024-06-20,B,1721403.0,175.91694133333172,GOOGL
2024-06-21,N,21818704.0,179.20101500636716,GOOGL
2024-06-21,B,3485925.0,179.31252939484082,GOOGL
2024-06-21,A,3421020.0,179.2246331882836,GOOGL
2024-06-24,N,3265773.0,179.60717836919727,GOOGL
2024-06-24,A,1726082.0,179.50935285319278,GOOGL
2024-06-24,B,1706855.0,179.497217838866,GOOGL
2024-06-25,N,5653732.0,181.94750283660866,GOOGL
2024-06-25,A,1864700.0,182.17383140366098,GOOGL
2024-06-25,B,1953089.0,182.22792682927638,GOOGL
2024-06-26,A,1421367.0,183.71771752584758,GOOGL
2024-06-26,N,4246151.0,183.67078434390245,GOOGL
2024-06-26,B,1510515.0,183.72297998861038,GOOGL
2024-06-27,A,1582055.0,185.1388517122183,GOOGL
2024-06-27,B,1517029.0,185.16037981389798,GOOGL
2024-06-27,N,3730538.0,185.02293580634253,GOOGL
2024-06-28,N,8329367.0,183.67935352415833,GOOGL
2024-06-28,B,2068665.0,183.62080275422161,GOOGL
2024-06-28,A,2086138.0,183.59397819720274,GOOGL
2024-07-01,B,1510992.0,182.54634178564092,GOOGL
2024-07-01,N,3465128.0,182.62584843907197,GOOGL
2024-07-01,A,1523967.0,182.57709798863863,GOOGL
2024-07-02,A,1197579.0,183.61109028326786,GOOGL
2024-07-02,N,5006231.0,183.4790085982307,GOOGL
2024-07-02,B,1234191.0,183.82244784487074,GOOGL
2024-07-03,N,2329941.0,185.24407584683328,GOOGL
2024-07-03,A,874311.0,185.25205434134253,GOOGL
2024-07-03,B,800781.0,185.29986603309013,GOOGL
2024-07-05,B,1738755.0,189.67262615612003,GOOGL
2024-07-05,A,1738208.0,189.54629428416746,GOOGL
2024-07-05,N,4688832.0,189.34756327969657,GOOGL
2024-07-08,B,1482542.0,188.9911549919806,GOOGL
2024-07-08,N,3983895.0,189.08712587837124,GOOGL
2024-07-08,A,2038136.0,188.98919447500538,GOOGL
2024-07-09,B,1258030.0,189.75302155611675,GOOGL
2024-07-09,N,2888251.0,189.737167085426,GOOGL
2024-07-09,A,1427034.0,189.84525566343166,GOOGL
2024-07-10,B,1247938.0,190.61227472527247,GOOGL
2024-07-10,N,3511766.0,190.46704072663394,GOOGL
2024-07-10,A,1105057.0,190.57993387566657,GOOGL
2024-07-11,A,2193987.0,187.02169417351394,GOOGL
2024-07-11,B,1847672.0,186.91127268563932,GOOGL
2024-07-11,N,5091562.0,187.28900851349,GOOGL
2024-07-12,B,1878587.0,185.68997925723377,GOOGL
2024-07-12,A,2292123.0,185.6696924048056,GOOGL
2024-07-12,N,4208291.0,185.59969343728474,GOOGL
2024-07-15,B,1370427.0,186.786383531395,GOOGL
2024-07-15,N,3018414.0,186.5485573609067,GOOGL
2024-07-15,A,1360456.0,186.7370503917895,GOOGL
2024-07-16,N,3099787.0,185.33909792939122,GOOGL
2024-07-16,B,1559401.0,185.13978650884857,GOOGL
2024-07-16,A,1812722.0,185.24407151819346,GOOGL
2024-07-17,B,1952433.0,181.21436162428753,GOOGL
2024-07-17,N,4281121.0,181.41399054406534,GOOGL
2024-07-17,A,1911133.0,181.14629668155538,GOOGL
2024-07-18,N,4978941.0,178.42607802578445,GOOGL
2024-07-18,A,2373190.0,178.27072446746632,GOOGL
2024-07-18,B,3133267.0,178.2104871607785,GOOGL
2024-07-19,N,4358550.0,178.5413165719292,GOOGL
2024-07-19,B,1781417.0,178.49672761449023,GOOGL
2024-07-19,A,1514090.0,178.53175929896102,GOOGL
2024-07-22,A,2133641.0,181.6899660103794,GOOGL
2024-07-22,N,5086017.0,181.5885115806286,GOOGL
2024-07-22,B,2020498.0,181.64625000000402,GOOGL
2024-07-23,A,3320373.0,182.41656426731538,GOOGL
2024-07-23,N,4857645.0,182.3942642871092,GOOGL
2024-07-23,B,2974464.0,182.47450800751255,GOOGL
2024-07-24,N,7576668.0,173.7410014767308,GOOGL
2024-07-24,B,4111540.0,173.54672318113992,GOOGL
2024-07-24,A,3576742.0,173.51332139477037,GOOGL
2024-07-25,N,6510132.0,170.20278030742975,GOOGL
2024-07-25,A,4090388.0,170.15757760756034,GOOGL
2024-07-25,B,4303172.0,170.23106853165052,GOOGL
2024-07-26,A,3500413.0,166.09255706778418,GOOGL
2024-07-26,N,4906899.0,166.3145545620146,GOOGL
2024-07-26,B,3241108.0,166.1917004558074,GOOGL
2024-07-29,B,1660287.0,169.34779922779845,GOOGL
2024-07-29,N,2888004.0,169.26206604891763,GOOGL
2024-07-29,A,1754483.0,169.32032567411008,GOOGL
2024-07-30,A,1449083.0,169.86799451573287,GOOGL
2024-07-30,B,1780254.0,169.8870682243479,GOOGL
2024-07-30,N,3579203.0,169.91118274472615,GOOGL
2024-07-31,A,2139111.0,171.5445536145824,GOOGL
2024-07-31,N,6373058.0,171.66078212290327,GOOGL
2024-07-31,B,1877413.0,171.4712105488663,GOOGL
2024-08-01,B,2395735.0,170.95045746107346,GOOGL
2024-08-01,N,4028239.0,170.97609993452903,GOOGL
2024-08-01,A,2435657.0,170.93515996096178,GOOGL
2024-08-02,B,2709167.0,166.1448550616356,GOOGL
2024-08-02,N,5019301.0,166.2706867805713,GOOGL
2024-08-02,A,3145522.0,166.0760882628852,GOOGL
2024-08-05,A,5801725.0,160.60800776743693,GOOGL
2024-08-05,N,8868865.0,159.62026826471592,GOOGL
2024-08-05,B,5461379.0,160.56812351506238,GOOGL
2024-08-06,N,8307115.0,158.5364684670235,GOOGL
2024-08-06,A,4093872.0,158.64756613884654,GOOGL
2024-08-06,B,3644234.0,158.67042295489597,GOOGL
2024-08-07,B,2168214.0,160.4635504608473,GOOGL
2024-08-07,N,3509164.0,160.30448648648786,GOOGL
2024-08-07,A,2003793.0,160.400049755082,GOOGL
2024-08-08,B,2190757.0,162.37783447940254,GOOGL
2024-08-08,N,5793943.0,162.16963396414351,GOOGL
2024-08-08,A,2271232.0,162.35497961679184,GOOGL
2024-08-09,N,4544787.0,160.69177869312622,GOOGL
2024-08-09,A,2228176.0,160.87287141427004,GOOGL
2024-08-09,B,2368417.0,160.94010578534883,GOOGL
2024-08-12,N,2948518.0,162.95530754526135,GOOGL
2024-08-12,B,1242225.0,163.02010704444484,GOOGL
2024-08-12,A,1488016.0,163.0564221942651,GOOGL
2024-08-13,N,3784337.0,163.47312809150858,GOOGL
2024-08-13,A,1509302.0,163.77361974232792,GOOGL
2024-08-13,B,1293862.0,163.78554355802828,GOOGL
2024-08-14,A,3036930.0,159.5331410368992,GOOGL
2024-08-14,N,5198742.0,159.85552553000824,GOOGL
2024-08-14,B,2664732.0,159.5443023966872,GOOGL
2024-08-15,N,7006011.0,160.69939499357054,GOOGL
2024-08-15,A,2320949.0,160.6956612479595,GOOGL
2024-08-15,B,2121516.0,160.74618257373936,GOOGL
2024-08-16,N,4212355.0,163.13983641358374,GOOGL
2024-08-16,B,1869555.0,163.41667036454567,GOOGL
2024-08-16,A,2329114.0,163.3567863772981,GOOGL
2024-08-19,N,4573280.0,165.5450389580627,GOOGL
2024-08-19,B,1615887.0,165.47923966418577,GOOGL
2024-08-19,A,2087076.0,165.47218055797572,GOOGL
2024-08-20,N,3095426.0,167.6431991247279,GOOGL
2024-08-20,B,1303641.0,167.68144136657136,GOOGL
2024-08-20,A,1311936.0,167.67300908166845,GOOGL
2024-08-21,A,1612687.0,165.75870678399104,GOOGL
2024-08-21,B,1203879.0,165.79219499411053,GOOGL
2024-08-21,N,5552049.0,165.74250869061473,GOOGL
2024-08-22,B,1763203.0,165.05551090610322,GOOGL
2024-08-22,A,1683697.0,165.044725162669,GOOGL
2024-08-22,N,4878974.0,165.22866356127548,GOOGL
2024-08-23,B,998846.0,165.09697807368994,GOOGL
2024-08-23,N,3278298.0,165.0393407543511,GOOGL
2024-08-23,A,1328692.0,165.06250322504732,GOOGL
2024-08-26,A,993122.0,165.90188995992858,GOOGL
2024-08-26,N,2004122.0,165.96499470479134,GOOGL
2024-08-26,B,918838.0,165.89411024325278,GOOGL
2024-08-27,N,2403612.0,165.63311166527902,GOOGL
2024-08-27,B,906678.0,165.5985917207821,GOOGL
2024-08-27,A,997595.0,165.5877103288627,GOOGL
2024-08-28,N,3582362.0,162.7790496661491,GOOGL
2024-08-28,A,1436549.0,162.7301977523231,GOOGL
2024-08-28,B,1365338.0,162.73851816767151,GOOGL
2024-08-29,A,1914957.0,163.0905530722808,GOOGL
2024-08-29,N,3307149.0,163.0885752733379,GOOGL
2024-08-29,B,1813995.0,163.1222315875374,GOOGL
2024-08-30,A,1694374.0,162.62150270721102,GOOGL
2024-08-30,N,6088614.0,162.7175637309225,GOOGL
2024-08-30,B,1280098.0,162.69336767304804,GOOGL
2024-09-03,N,6293742.0,158.8212620169652,GOOGL
2024-09-03,A,2405354.0,158.6739149888151,GOOGL
2024-09-03,B,2441615.0,158.78264042357318,GOOGL
2024-09-04,B,1601065.0,157.28616371039215,GOOGL
2024-09-04,A,2006515.0,157.16914006321426,GOOGL
2024-09-04,N,3576382.0,157.04508974520053,GOOGL
2024-09-05,N,3635262.0,157.40385298723345,GOOGL
2024-09-05,A,1817443.0,157.5438395415517,GOOGL
2024-09-05,B,1481081.0,157.60217799859566,GOOGL
2024-09-06,N,8395615.0,152.72762486013036,GOOGL
2024-09-06,A,3407110.0,152.85107791565713,GOOGL
2024-09-06,B,2819346.0,152.7950833876812,GOOGL
2024-09-09,N,5315493.0,149.6507005189045,GOOGL
2024-09-09,A,3424724.0,149.48762852994741,GOOGL
2024-09-09,B,2202177.0,149.6497584784144,GOOGL
2024-09-10,A,2697868.0,149.56173994585689,GOOGL
2024-09-10,B,1560004.0,149.5865631761387,GOOGL
2024-09-10,N,4594739.0,149.57606905190647,GOOGL
2024-09-11,N,4156751.0,149.74573073005135,GOOGL
2024-09-11,B,1788675.0,149.57063980397498,GOOGL
2024-09-11,A,2355736.0,149.50673370242828,GOOGL
2024-09-12,A,2415040.0,153.859761945507,GOOGL
2024-09-12,B,2027898.0,153.83739639903342,GOOGL
2024-09-12,N,5075248.0,153.79141308741995,GOOGL
2024-09-13,A,2218942.0,157.00095966589737,GOOGL
2024-09-13,N,5381555.0,156.86412644301717,GOOGL
2024-09-13,B,1821721.0,157.02856240836016,GOOGL
2024-09-16,A,1480446.0,157.72716589440816,GOOGL
2024-09-16,N,3457746.0,157.71325716315286,GOOGL
2024-09-16,B,1349358.0,157.71967088847424,GOOGL
2024-09-17,B,1485029.0,159.25620249816205,GOOGL
2024-09-17,N,4917859.0,159.25234039052222,GOOGL
2024-09-17,A,1647181.0,159.22721455762772,GOOGL
2024-09-18,A,1955143.0,159.61847204654669,GOOGL
2024-09-18,N,4791101.0,159.65797740154258,GOOGL
2024-09-18,B,2100605.0,159.62488551102015,GOOGL
2024-09-19,A,1905765.0,162.67501731804055,GOOGL
2024-09-19,N,6376802.0,162.6913766993629,GOOGL
2024-09-19,B,2094669.0,162.68904902192057,GOOGL
2024-09-20,A,1892389.0,162.84856312955415,GOOGL
2024-09-20,N,17137565.0,163.00360878661164,GOOGL
2024-09-20,B,1843687.0,162.89881548860848,GOOGL
2024-09-23,N,5988876.0,163.46721119902426,GOOGL
2024-09-23,A,1600749.0,163.31584595959413,GOOGL
2024-09-23,B,1423504.0,163.30745362019238,GOOGL
2024-09-24,N,7854749.0,162.2316002301759,GOOGL
2024-09-24,B,1338059.0,162.1847282759639,GOOGL
2024-09-24,A,1558693.0,162.19467187969863,GOOGL
2024-09-25,N,3448535.0,161.9236523115028,GOOGL
2024-09-25,A,1551737.0,161.94238725158039,GOOGL
2024-09-25,B,1209881.0,161.95095925968303,GOOGL
2024-09-26,A,1633782.0,162.96071075985134,GOOGL
2024-09-26,N,4340815.0,163.0190341842885,GOOGL
2024-09-26,B,1581607.0,162.97484142686102,GOOGL
2024-09-27,N,5231999.0,164.18645910692285,GOOGL
2024-09-27,B,1246143.0,164.27009715526623,GOOGL
2024-09-27,A,1541417.0,164.28104373014347,GOOGL
2024-09-30,A,1608925.0,164.72419441506767,GOOGL
2024-09-30,N,5408001.0,164.84922667217197,GOOGL
2024-09-30,B,1333705.0,164.76518374832398,GOOGL
2024-10-01,B,2250682.0,166.5891198748032,GOOGL
2024-10-01,A,2382905.0,166.53237549189396,GOOGL
2024-10-01,N,4985702.0,166.73595168098907,GOOGL
2024-10-02,N,3556984.0,165.67362205590933,GOOGL
2024-10-02,B,1540644.0,165.60730020101778,GOOGL
2024-10-02,A,1452231.0,165.61102957990818,GOOGL
2024-10-03,A,1349106.0,165.55993022616954,GOOGL
2024-10-03,B,1133366.0,165.5337068050557,GOOGL
2024-10-03,N,2391987.0,165.39069629801588,GOOGL
2024-10-04,N,5232696.0,166.697774406434,GOOGL
2024-10-04,A,1601091.0,166.5567001132324,GOOGL
2024-10-04,B,1282654.0,166.555093991892,GOOGL
2024-10-07,B,1603799.0,164.94033242792744,GOOGL
2024-10-07,N,4663783.0,165.41646881486596,GOOGL
2024-10-07,A,1697864.0,165.13018209293693,GOOGL
2024-10-08,N,3343289.0,163.74934031912517,GOOGL
2024-10-08,B,1321592.0,163.7861775754111,GOOGL
2024-10-08,A,1601529.0,163.72250607590288,GOOGL
2024-10-09,N,4729148.0,162.0472408990201,GOOGL
2024-10-09,B,2379752.0,161.66074417993212,GOOGL
2024-10-09,A,2717701.0,161.62735547245614,GOOGL
2024-10-10,B,1114307.0,162.04364452701387,GOOGL
2024-10-10,N,2095503.0,161.96688977956092,GOOGL
2024-10-10,A,1350933.0,162.05575674592475,GOOGL
2024-10-11,N,2914085.0,162.98124683628575,GOOGL
2024-10-11,A,1542734.0,162.99570817082719,GOOGL
2024-10-11,B,1082054.0,163.04368946010865,GOOGL
2024-10-14,A,1256028.0,164.94542727692757,GOOGL
2024-10-14,N,3826398.0,164.95898908438974,GOOGL
2024-10-14,B,1000107.0,164.9769954523417,GOOGL
2024-10-15,B,1937166.0,165.85107736968797,GOOGL
2024-10-15,A,1484537.0,165.84142767260042,GOOGL
2024-10-15,N,3149513.0,165.8315811290969,GOOGL
2024-10-16,N,3591959.0,164.80029176270745,GOOGL
2024-10-16,B,944829.0,164.8157758768225,GOOGL
2024-10-16,A,1049850.0,164.78164866901596,GOOGL
2024-10-17,B,1510470.0,164.03037794802435,GOOGL
2024-10-17,A,1758626.0,164.00827902292943,GOOGL
2024-10-17,N,3550849.0,164.22962119107163,GOOGL
2024-10-18,N,5062196.0,163.72462788612688,GOOGL
2024-10-18,A,1331904.0,163.74439752612042,GOOGL
2024-10-18,B,1201127.0,163.74609650755318,GOOGL
2024-10-21,A,1137234.0,163.7397329354093,GOOGL
2024-10-21,N,6495282.0,163.79477104377108,GOOGL
2024-10-21,B,959462.0,163.76880594049504,GOOGL
2024-10-22,A,1096001.0,164.74536199005078,GOOGL
2024-10-22,N,3711388.0,164.6301905244831,GOOGL
2024-10-22,B,1077150.0,164.72420180915472,GOOGL
2024-10-23,B,1501775.0,163.26755559243753,GOOGL
2024-10-23,N,3766729.0,163.37754431762835,GOOGL
2024-10-23,A,1489949.0,163.1944414248553,GOOGL
2024-10-24,B,1979038.0,162.42796689244713,GOOGL
2024-10-24,N,3917137.0,162.37934863854818,GOOGL
2024-10-24,A,1849683.0,162.49217529158327,GOOGL
2024-10-25,A,1545212.0,164.88368087234014,GOOGL
2024-10-25,N,3231510.0,164.81672254004795,GOOGL
2024-10-25,B,1548741.0,164.87900842986602,GOOGL
2024-10-28,N,3695375.0,166.86904540691506,GOOGL
2024-10-28,B,2357795.0,166.70357181279695,GOOGL
2024-10-28,A,2734910.0,166.6844863607723,GOOGL
2024-10-29,A,3358349.0,171.02230261217454,GOOGL
2024-10-29,B,3823742.0,171.0317025595765,GOOGL
2024-10-29,N,6573297.0,173.1616980937814,GOOGL
2024-10-30,N,6821094.0,178.33476803709263,GOOGL
2024-10-30,A,5114125.0,178.24269503478993,GOOGL
2024-10-30,B,5677349.0,178.43169344903586,GOOGL
2024-10-31,N,7887807.0,173.24592334263082,GOOGL
2024-10-31,A,3367265.0,173.41108330155194,GOOGL
2024-10-31,B,3694707.0,173.32603096582977,GOOGL
2024-11-01,A,2346914.0,171.19909300660677,GOOGL
2024-11-01,N,4565048.0,171.1509373824736,GOOGL
2024-11-01,B,2426019.0,171.23263990293626,GOOGL
2024-11-04,A,1357781.0,169.22505533395216,GOOGL
2024-11-04,B,1295459.0,169.24290763332488,GOOGL
2024-11-04,N,3868474.0,169.3998616168986,GOOGL
2024-11-05,N,3661612.0,169.72646399535375,GOOGL
2024-11-05,A,1531129.0,169.71118391570207,GOOGL
2024-11-05,B,1156392.0,169.7331322344177,GOOGL
2024-11-06,B,2904476.0,175.34475702678583,GOOGL
2024-11-06,N,7303463.0,174.8573773793104,GOOGL
2024-11-06,A,2395323.0,175.42757708735334,GOOGL
2024-11-07,A,1923191.0,179.49524239422985,GOOGL
2024-11-07,N,4574137.0,179.37500196367225,GOOGL
2024-11-07,B,2198230.0,179.41747181323274,GOOGL
2024-11-08,N,5747532.0,179.10074926449684,GOOGL
2024-11-08,A,1770900.0,178.94733510992074,GOOGL
2024-11-08,B,1546627.0,178.95877646455656,GOOGL
2024-11-11,N,3724283.0,179.74939692982338,GOOGL
2024-11-11,A,1232604.0,179.7526034557903,GOOGL
2024-11-11,B,1270714.0,179.8123375898607,GOOGL
2024-11-12,A,1447201.0,181.02442315415252,GOOGL
2024-11-12,N,4359932.0,180.87478191489464,GOOGL
2024-11-12,B,1563484.0,181.05493414469072,GOOGL
2024-11-13,B,1909497.0,179.38091632097814,GOOGL
2024-11-13,A,1299465.0,179.4073614920505,GOOGL
2024-11-13,N,4289233.0,179.57839808373706,GOOGL
2024-11-14,N,6900538.0,176.12157272727214,GOOGL
2024-11-14,B,2098963.0,175.7027919546348,GOOGL
2024-11-14,A,2044140.0,175.84428465615804,GOOGL
2024-11-15,B,2310018.0,172.36932868213023,GOOGL
2024-11-15,N,7575431.0,172.67617475819387,GOOGL
2024-11-15,A,2025345.0,172.35850690754074,GOOGL
2024-11-18,A,1385876.0,174.2482367482437,GOOGL
2024-11-18,N,3956863.0,174.0694527744331,GOOGL
2024-11-18,B,1135934.0,174.2627716437938,GOOGL
2024-11-19,N,4373044.0,176.20542177170628,GOOGL
2024-11-19,A,1669094.0,176.65658622010596,GOOGL
2024-11-19,B,1706015.0,176.80569359876995,GOOGL
2024-11-20,B,1489957.0,175.21631095172327,GOOGL
2024-11-20,N,5671042.0,175.52003189376003,GOOGL
2024-11-20,A,1402167.0,175.23340190174932,GOOGL
2024-11-21,N,6700750.0,167.02431509709487,GOOGL
2024-11-21,B,4801401.0,166.6757450334483,GOOGL
2024-11-21,A,5413554.0,166.66082764158816,GOOGL
2024-11-22,A,2733055.0,165.16820215103434,GOOGL
2024-11-22,N,5218387.0,165.23511632341845,GOOGL
2024-11-22,B,2356942.0,165.16794375702995,GOOGL
2024-11-25,A,1747790.0,167.42419584219238,GOOGL
2024-11-25,N,10840610.0,167.36328503324805,GOOGL
2024-11-25,B,2022997.0,167.4252215729222,GOOGL
2024-11-26,A,1416520.0,168.867199973344,GOOGL
2024-11-26,N,3713333.0,168.7802350219213,GOOGL
2024-11-26,B,1848257.0,168.90291875881795,GOOGL
2024-11-27,B,1080741.0,169.0393247662663,GOOGL
2024-11-27,N,7174071.0,169.06027266790173,GOOGL
2024-11-27,A,1001374.0,169.01372382618135,GOOGL
2024-11-29,B,1398757.0,168.58409919741374,GOOGL
2024-11-29,N,3486210.0,168.63634133719992,GOOGL
2024-11-29,A,903490.0,168.55610040692505,GOOGL
2024-12-02,A,1474841.0,171.11881648315136,GOOGL
2024-12-02,B,1580838.0,171.12702978828653,GOOGL
2024-12-02,N,5546836.0,170.81300346470195,GOOGL
2024-12-03,N,6477061.0,171.51736768802238,GOOGL
2024-12-03,A,1367738.0,171.47128975744582,GOOGL
2024-12-03,B,1332001.0,171.5116788665851,GOOGL
2024-12-04,A,1785288.0,173.7692965971869,GOOGL
2024-12-04,N,6865534.0,173.43468725528652,GOOGL
2024-12-04,B,1893134.0,173.64744325185677,GOOGL
2024-12-05,N,4477107.0,173.95064469435766,GOOGL
2024-12-05,B,1779057.0,173.72368486390616,GOOGL
2024-12-05,A,1612306.0,173.7743694187622,GOOGL
2024-12-06,B,1705398.0,174.2630703781222,GOOGL
2024-12-06,N,5643781.0,174.1799823168838,GOOGL
2024-12-06,A,1438743.0,174.2623606028618,GOOGL
2024-12-09,B,1893072.0,175.1310824379655,GOOGL
2024-12-09,N,5205430.0,175.09781475510252,GOOGL
2024-12-09,A,1616677.0,175.1565963460674,GOOGL
2024-12-10,B,4926564.0,183.94558498217714,GOOGL
2024-12-10,A,4792497.0,183.87713587159678,GOOGL
2024-12-10,N,6339090.0,183.6576023101158,GOOGL
2024-12-11,B,4968587.0,192.37660559847637,GOOGL
2024-12-11,N,8183876.0,192.1317188154592,GOOGL
2024-12-11,A,4821872.0,192.55034722437105,GOOGL
2024-12-12,N,6115893.0,193.82728997415308,GOOGL
2024-12-12,B,2184585.0,193.72401276074902,GOOGL
2024-12-12,A,2883532.0,193.76251180128867,GOOGL
2024-12-13,N,3777398.0,191.19800602507718,GOOGL
2024-12-13,B,1681567.0,191.11869344282925,GOOGL
2024-12-13,A,1919274.0,191.07905359066734,GOOGL
2024-12-16,A,2480409.0,196.4327949557646,GOOGL
2024-12-16,N,11184037.0,196.11112000000327,GOOGL
2024-12-16,B,2908390.0,196.47068180289838,GOOGL
2024-12-17,N,8229069.0,197.32479282606602,GOOGL
2024-12-17,A,2649859.0,197.26743663261752,GOOGL
2024-12-17,B,2722663.0,197.5166787222237,GOOGL
2024-12-18,N,8178359.0,192.16914788586766,GOOGL
2024-12-18,A,2523225.0,192.2293494348821,GOOGL
2024-12-18,B,2323828.0,192.41361328636114,GOOGL
2024-12-19,N,7439018.0,190.62297269228478,GOOGL
2024-12-19,A,2517457.0,190.4529279409624,GOOGL
2024-12-19,B,2546767.0,190.58079792084837,GOOGL
2024-12-20,N,22803762.0,189.643069215354,GOOGL
2024-12-20,B,2865176.0,190.0896477549182,GOOGL
2024-12-20,A,2588968.0,190.20240748957139,GOOGL
2024-12-23,B,1962458.0,193.4090588047722,GOOGL
2024-12-23,N,5130548.0,193.3697674418585,GOOGL
2024-12-23,A,2053672.0,193.2967923103171,GOOGL
2024-12-24,N,2134854.0,195.3009056974449,GOOGL
2024-12-24,A,678816.0,195.37518040544802,GOOGL
2024-12-24,B,964422.0,195.3454480304307,GOOGL
2024-12-26,N,2349258.0,195.74601064537651,GOOGL
2024-12-26,A,1187532.0,195.8480475781415,GOOGL
2024-12-26,B,923954.0,195.89818038286245,GOOGL
2024-12-27,N,4088788.0,192.48213866396767,GOOGL
2024-12-27,A,1843348.0,192.16548217047136,GOOGL
2024-12-27,B,1845405.0,192.18958988418174,GOOGL
2024-12-30,B,1349793.0,191.3331661029639,GOOGL
2024-12-30,A,1295835.0,191.26256469838984,GOOGL
2024-12-30,N,3176331.0,191.00531941359372,GOOGL
2024-12-31,B,1507797.0,190.23546025903855,GOOGL
2024-12-31,N,4668738.0,190.18426688135486,GOOGL
2024-12-31,A,1992223.0,190.16573528517046,GOOGL
